Customer_ID,Avg_Risk_Score,Max_Risk_Score,High_Risk_Txn_Count,Customer_Risk_Tier
CUST100000,29.232444444444447,82.76,5,Low
CUST100001,34.99288888888889,71.59,4,Low
CUST100002,47.27909090909091,70.0,5,Medium
CUST100003,38.73263157894737,83.33,4,Medium
CUST100004,30.292439024390244,69.65,6,Low
CUST100005,43.93344827586207,83.06,5,Medium
CUST100006,32.36055555555556,56.67,0,Low
CUST100007,27.17921052631579,73.85,2,Low
CUST100008,28.58611111111111,73.75,3,Low
CUST100009,34.91184210526316,73.45,4,Low
CUST100010,31.571428571428573,67.2,1,Low
CUST100011,31.54722222222222,75.27,4,Low
CUST100012,34.14344827586207,72.61,12,Low
CUST100013,26.924418604651162,71.0,2,Low
CUST100014,33.68966666666667,69.83,4,Low
CUST100015,30.576046511627908,68.29,5,Low
CUST100016,26.61051282051282,71.07,2,Low
CUST100017,35.165217391304346,73.15,5,Medium
CUST100018,27.332,71.8,2,Low
CUST100019,29.550285714285714,77.86,1,Low
CUST100020,36.095370370370375,70.12,4,Medium
CUST100021,37.10151515151515,81.15,4,Medium
CUST100022,47.893157894736845,80.26,8,Medium
CUST100023,30.11162162162162,67.98,2,Low
CUST100024,29.988717948717948,72.62,2,Low
CUST100025,31.318108108108106,75.23,5,Low
CUST100026,28.52032258064516,67.59,2,Low
CUST100027,33.77975,80.32,4,Low
CUST100028,31.414054054054052,72.56,2,Low
CUST100029,28.14627906976744,62.74,2,Low
CUST100030,33.32525,75.57,4,Low
CUST100031,42.41878048780488,75.99,4,Medium
CUST100032,33.85553191489362,77.57,5,Low
CUST100033,25.21925,72.1,2,Low
CUST100034,31.103095238095236,71.86,2,Low
CUST100035,32.0671875,72.84,3,Low
CUST100036,34.39692307692308,61.37,3,Low
CUST100037,31.058823529411764,71.63,5,Low
CUST100038,32.67177777777778,77.69,5,Low
CUST100039,32.406129032258065,69.4,1,Low
CUST100040,33.40942857142857,72.41,2,Low
CUST100041,29.908333333333335,76.07,1,Low
CUST100042,30.40717948717949,68.71,2,Low
CUST100043,32.71022222222222,70.66,5,Low
CUST100044,29.97285714285714,73.5,2,Low
CUST100045,40.48742857142857,75.2,6,Medium
CUST100046,27.523953488372094,72.17,2,Low
CUST100047,32.594883720930234,74.98,5,Low
CUST100048,26.11875,66.57,2,Low
CUST100049,32.89909090909091,63.9,2,Low
CUST100050,33.18571428571428,70.45,4,Low
CUST100051,33.898536585365854,74.88,3,Low
CUST100052,30.23744186046512,62.17,1,Low
CUST100053,35.138400000000004,75.99,1,Medium
CUST100054,31.092499999999998,65.97,4,Low
CUST100055,30.08238095238095,76.05,3,Low
CUST100056,29.04054054054054,70.5,5,Low
CUST100057,35.72882352941176,66.82,2,Medium
CUST100058,32.29833333333333,73.56,4,Low
CUST100059,31.55725,75.16,2,Low
CUST100060,28.36135135135135,69.29,1,Low
CUST100061,34.491891891891896,73.53,1,Low
CUST100062,33.51820512820513,78.6,3,Low
CUST100063,35.922045454545454,90.11,4,Medium
CUST100064,30.866136363636368,67.87,5,Low
CUST100065,28.025365853658535,50.05,0,Low
CUST100066,31.802195121951222,76.21,4,Low
CUST100067,26.471951219512192,65.31,3,Low
CUST100068,29.09108695652174,75.89,2,Low
CUST100069,26.97139534883721,69.64,2,Low
CUST100070,36.5531914893617,78.45,7,Medium
CUST100071,32.6622,73.75,6,Low
CUST100072,30.598918918918923,64.92,2,Low
CUST100073,37.89878048780488,89.5,4,Medium
CUST100074,28.518536585365855,71.25,3,Low
CUST100075,28.085882352941177,79.8,1,Low
CUST100076,30.090714285714284,71.67,4,Low
CUST100077,26.71104166666667,71.64,2,Low
CUST100078,35.712,72.77,1,Medium
CUST100079,32.780857142857144,81.91,3,Low
CUST100080,33.67675675675675,74.35,3,Low
CUST100081,29.111333333333334,72.95,3,Low
CUST100082,33.7944,60.12,1,Low
CUST100083,32.2805,75.34,4,Low
CUST100084,29.841578947368422,68.91,2,Low
CUST100085,30.863142857142858,70.97,2,Low
CUST100086,40.973076923076924,85.36,7,Medium
CUST100087,35.473800000000004,74.85,6,Medium
CUST100088,25.765151515151516,66.65,1,Low
CUST100089,33.848800000000004,69.64,6,Low
CUST100090,28.89717948717949,72.92,2,Low
CUST100091,33.1225,69.93,2,Low
CUST100092,30.693142857142856,78.54,1,Low
CUST100093,28.15463414634146,74.13,2,Low
CUST100094,32.02159090909091,77.24,2,Low
CUST100095,32.86230769230769,73.28,5,Low
CUST100096,32.45878048780488,69.31,5,Low
CUST100097,30.12705882352941,76.06,3,Low
CUST100098,32.17914285714286,71.12,2,Low
CUST100099,43.32088888888889,80.57,5,Medium
CUST100100,33.017,69.01,3,Low
CUST100101,29.909333333333333,72.55,2,Low
CUST100102,27.910961538461535,75.03,2,Low
CUST100103,42.02613636363637,83.36,4,Medium
CUST100104,32.882075471698116,73.37,5,Low
CUST100105,34.469166666666666,74.39,5,Low
CUST100106,31.866981132075473,76.51,4,Low
CUST100107,24.601904761904763,77.39,2,Low
CUST100108,31.7095,65.44,2,Low
CUST100109,31.069166666666668,76.22,2,Low
CUST100110,34.36256410256411,87.84,3,Low
CUST100111,29.760227272727274,76.75,4,Low
CUST100112,30.33108108108108,72.41,2,Low
CUST100113,29.72658536585366,70.17,2,Low
CUST100114,31.704594594594592,68.29,2,Low
CUST100115,32.63055555555556,69.32,3,Low
CUST100116,29.80333333333333,70.46,3,Low
CUST100117,26.727021276595746,70.56,2,Low
CUST100118,32.05078947368421,75.04,5,Low
CUST100119,37.696333333333335,76.68,2,Medium
CUST100120,34.369749999999996,70.11,1,Low
CUST100121,31.185897435897434,70.01,3,Low
CUST100122,32.58826923076923,81.6,3,Low
CUST100123,34.52162790697675,72.36,5,Low
CUST100124,32.32181818181818,77.63,1,Low
CUST100125,31.05731707317073,77.95,2,Low
CUST100126,32.3639534883721,75.13,5,Low
CUST100127,27.735434782608696,72.53,3,Low
CUST100128,29.322999999999997,63.59,1,Low
CUST100129,26.77560975609756,66.17,3,Low
CUST100130,32.770487804878044,70.89,2,Low
CUST100131,29.35125,80.56,2,Low
CUST100132,31.633958333333336,74.26,4,Low
CUST100133,30.0995,71.76,1,Low
CUST100134,32.659268292682924,71.23,5,Low
CUST100135,28.21282051282051,67.34,3,Low
CUST100136,41.984,82.63,5,Medium
CUST100137,30.256060606060604,56.5,0,Low
CUST100138,32.63090909090909,67.74,1,Low
CUST100139,32.40894736842105,67.53,1,Low
CUST100140,29.172307692307694,69.05,2,Low
CUST100141,27.04642857142857,74.92,2,Low
CUST100142,35.97057142857143,76.46,3,Medium
CUST100143,31.764499999999998,72.5,3,Low
CUST100144,43.85785714285714,88.71,6,Medium
CUST100145,32.07048780487805,78.86,1,Low
CUST100146,31.648421052631576,72.05,4,Low
CUST100147,36.495365853658534,72.49,4,Medium
CUST100148,35.00885714285714,67.55,2,Medium
CUST100149,29.66638888888889,72.66,1,Low
CUST100150,33.45619047619048,75.93,4,Low
CUST100151,34.13673913043478,74.46,7,Low
CUST100152,32.47380952380953,71.24,4,Low
CUST100153,36.5484,77.07,6,Medium
CUST100154,32.47125,74.31,3,Low
CUST100155,31.6975,73.74,4,Low
CUST100156,29.235945945945947,72.16,4,Low
CUST100157,29.306122448979593,72.99,2,Low
CUST100158,34.05617647058824,67.31,2,Low
CUST100159,30.142972972972974,71.63,4,Low
CUST100160,34.5915625,74.61,2,Low
CUST100161,27.398285714285716,59.11,0,Low
CUST100162,34.09191489361702,75.79,3,Low
CUST100163,28.41051282051282,73.49,2,Low
CUST100164,39.22725,78.13,7,Medium
CUST100165,29.659111111111113,72.19,3,Low
CUST100166,28.35674418604651,72.61,4,Low
CUST100167,32.73222222222222,74.9,3,Low
CUST100168,34.51893617021277,71.49,4,Low
CUST100169,46.7552380952381,79.76,9,Medium
CUST100170,32.31363636363636,71.52,6,Low
CUST100171,35.57,77.09,3,Medium
CUST100172,31.15659574468085,75.23,3,Low
CUST100173,27.503199999999996,58.55,0,Low
CUST100174,29.6952,73.51,1,Low
CUST100175,38.6335,73.07,2,Medium
CUST100176,33.671578947368424,75.97,1,Low
CUST100177,39.88351351351351,64.6,2,Medium
CUST100178,24.598461538461535,71.72,2,Low
CUST100179,26.979433962264153,68.37,5,Low
CUST100180,28.229347826086954,69.95,5,Low
CUST100181,29.39980392156863,76.38,4,Low
CUST100182,30.677027027027027,78.45,4,Low
CUST100183,35.669999999999995,77.07,4,Medium
CUST100184,33.71615384615385,67.2,3,Low
CUST100185,35.49,77.0,5,Medium
CUST100186,31.911176470588234,53.56,0,Low
CUST100187,32.18974358974359,73.88,3,Low
CUST100188,31.567631578947367,55.54,0,Low
CUST100189,33.619473684210526,70.98,4,Low
CUST100190,29.11978723404255,71.02,3,Low
CUST100191,27.304324324324323,59.73,0,Low
CUST100192,32.79086956521739,72.06,3,Low
CUST100193,32.30578947368421,74.5,2,Low
CUST100194,31.385588235294122,75.85,2,Low
CUST100195,36.89678571428571,79.26,3,Medium
CUST100196,36.102,66.07,4,Medium
CUST100197,29.451891891891893,75.7,2,Low
CUST100198,35.35425,75.33,5,Medium
CUST100199,33.22105263157895,70.58,4,Low
CUST100200,34.39333333333333,73.73,1,Low
CUST100201,41.43333333333333,81.2,3,Medium
CUST100202,33.51255813953488,61.9,1,Low
CUST100203,29.793,71.33,2,Low
CUST100204,26.995384615384616,68.56,1,Low
CUST100205,30.46481481481481,61.1,1,Low
CUST100206,28.55322580645161,76.77,3,Low
CUST100207,30.889200000000002,73.38,1,Low
CUST100208,29.058,68.71,2,Low
CUST100209,32.22377777777778,79.87,5,Low
CUST100210,33.643478260869564,69.23,6,Low
CUST100211,36.79823529411765,73.67,5,Medium
CUST100212,28.935744680851066,73.14,2,Low
CUST100213,28.694222222222223,71.06,2,Low
CUST100214,32.85277777777778,64.76,4,Low
CUST100215,31.68448275862069,68.86,4,Low
CUST100216,32.008,70.67,4,Low
CUST100217,27.702105263157897,73.75,2,Low
CUST100218,32.353611111111114,80.64,1,Low
CUST100219,28.49372093023256,76.9,2,Low
CUST100220,31.439999999999998,80.42,2,Low
CUST100221,30.625111111111114,75.11,3,Low
CUST100222,31.15025,75.04,2,Low
CUST100223,34.472647058823526,71.04,1,Low
CUST100224,31.568113207547167,68.29,4,Low
CUST100225,33.62555555555556,79.96,3,Low
CUST100226,34.195263157894736,80.64,4,Low
CUST100227,31.65673076923077,70.19,5,Low
CUST100228,33.552058823529414,77.4,3,Low
CUST100229,29.900256410256407,74.51,2,Low
CUST100230,29.233333333333334,79.59,3,Low
CUST100231,31.223617021276596,68.68,1,Low
CUST100232,41.38111111111111,81.44,4,Medium
CUST100233,35.725625,68.48,2,Medium
CUST100234,31.7518,79.37,3,Low
CUST100235,34.85589743589744,77.13,6,Low
CUST100236,36.2864705882353,74.68,3,Medium
CUST100237,30.624651162790695,67.67,3,Low
CUST100238,26.96142857142857,72.05,1,Low
CUST100239,28.481176470588235,76.15,4,Low
CUST100240,31.218918918918916,76.52,1,Low
CUST100241,31.10162790697674,72.09,3,Low
CUST100242,32.55574468085106,78.87,2,Low
CUST100243,26.303888888888892,67.99,4,Low
CUST100244,28.945,77.8,3,Low
CUST100245,31.53190476190476,80.78,6,Low
CUST100246,28.712439024390246,74.65,3,Low
CUST100247,30.559565217391306,75.54,4,Low
CUST100248,34.75220338983051,75.31,7,Low
CUST100249,36.18864864864865,77.95,2,Medium
CUST100250,29.07542857142857,71.86,2,Low
CUST100251,29.01536585365854,68.59,4,Low
CUST100252,33.82275,83.55,3,Low
CUST100253,31.850465116279068,78.57,3,Low
CUST100254,36.239767441860465,73.82,7,Medium
CUST100255,32.110238095238095,73.99,3,Low
CUST100256,35.3545,80.71,3,Medium
CUST100257,32.41179487179487,74.07,1,Low
CUST100258,33.663333333333334,72.22,5,Low
CUST100259,32.46542857142857,66.56,3,Low
CUST100260,31.698823529411765,75.94,3,Low
CUST100261,33.88590909090909,69.66,5,Low
CUST100262,28.778684210526315,81.67,2,Low
CUST100263,38.24342105263158,83.43,5,Medium
CUST100264,37.296052631578945,73.17,6,Medium
CUST100265,29.611086956521742,72.45,4,Low
CUST100266,35.5571875,67.5,2,Medium
CUST100267,34.21175,75.93,4,Low
CUST100268,33.012307692307694,78.15,7,Low
CUST100269,35.515641025641024,77.93,8,Medium
CUST100270,28.156969696969696,62.61,1,Low
CUST100271,29.195999999999998,73.49,3,Low
CUST100272,30.700000000000003,67.88,2,Low
CUST100273,31.23709677419355,64.96,1,Low
CUST100274,37.317567567567565,76.11,4,Medium
CUST100275,29.566857142857142,75.3,5,Low
CUST100276,32.99342105263158,75.28,2,Low
CUST100277,33.04,77.33,3,Low
CUST100278,32.85111111111111,70.49,4,Low
CUST100279,28.62975,71.78,1,Low
CUST100280,33.076129032258066,74.4,2,Low
CUST100281,30.126595744680852,71.17,4,Low
CUST100282,33.04060606060606,68.29,4,Low
CUST100283,36.70424242424242,83.37,4,Medium
CUST100284,27.086904761904766,74.17,3,Low
CUST100285,28.87,67.18,3,Low
CUST100286,26.2375,72.28,2,Low
CUST100287,24.13339285714286,60.0,1,Low
CUST100288,33.4,77.49,3,Low
CUST100289,34.04311111111111,87.63,4,Low
CUST100290,37.494772727272725,84.41,5,Medium
CUST100291,34.279767441860464,75.41,6,Low
CUST100292,33.159333333333336,73.22,2,Low
CUST100293,33.71674418604651,78.06,6,Low
CUST100294,36.77411764705882,74.38,5,Medium
CUST100295,28.32872340425532,71.04,2,Low
CUST100296,50.83461538461539,88.78,6,Medium
CUST100297,30.318,86.16,1,Low
CUST100298,29.46075,71.7,3,Low
CUST100299,34.38057142857143,77.82,1,Low
CUST100300,29.828260869565216,60.94,1,Low
CUST100301,32.795,72.65,2,Low
CUST100302,30.77127659574468,72.27,7,Low
CUST100303,29.239487179487178,70.75,3,Low
CUST100304,28.89537037037037,80.49,6,Low
CUST100305,31.521481481481484,69.85,6,Low
CUST100306,42.13390243902439,81.78,7,Medium
CUST100307,31.718378378378375,78.7,4,Low
CUST100308,33.983243243243244,78.29,2,Low
CUST100309,28.059574468085106,68.57,4,Low
CUST100310,29.900000000000002,73.72,1,Low
CUST100311,32.46230769230769,71.11,5,Low
CUST100312,29.452105263157897,59.36,0,Low
CUST100313,28.940416666666668,67.01,3,Low
CUST100314,36.99818181818182,78.66,5,Medium
CUST100315,31.125,74.28,5,Low
CUST100316,34.088055555555556,73.21,5,Low
CUST100317,31.781875,68.43,2,Low
CUST100318,31.4415,73.6,1,Low
CUST100319,34.39088888888889,74.61,6,Low
CUST100320,32.62625,70.98,5,Low
CUST100321,28.561190476190475,78.08,1,Low
CUST100322,29.2375,70.77,1,Low
CUST100323,31.971276595744683,77.53,4,Low
CUST100324,27.5525,70.46,4,Low
CUST100325,32.47707317073171,83.26,3,Low
CUST100326,32.330444444444446,72.4,5,Low
CUST100327,31.277317073170728,79.98,4,Low
CUST100328,38.04675675675676,80.8,5,Medium
CUST100329,33.56314285714286,72.87,5,Low
CUST100330,28.349736842105262,67.6,1,Low
CUST100331,32.822250000000004,73.87,4,Low
CUST100332,29.304489795918368,73.5,4,Low
CUST100333,41.56421052631579,80.99,9,Medium
CUST100334,32.829069767441865,71.06,3,Low
CUST100335,35.53194444444445,80.98,5,Medium
CUST100336,30.581063829787233,74.69,4,Low
CUST100337,28.69395348837209,69.1,3,Low
CUST100338,29.301052631578948,78.83,2,Low
CUST100339,30.59365384615385,70.73,6,Low
CUST100340,33.48711111111111,74.52,4,Low
CUST100341,50.786,80.13,9,Medium
CUST100342,32.66609756097561,77.24,4,Low
CUST100343,27.613243243243243,79.04,3,Low
CUST100344,37.65428571428572,78.01,4,Medium
CUST100345,39.809999999999995,80.28,5,Medium
CUST100346,31.436363636363637,74.61,1,Low
CUST100347,30.78818181818182,64.9,4,Low
CUST100348,31.352368421052635,65.67,3,Low
CUST100349,33.113157894736844,75.6,5,Low
CUST100350,28.796875,70.85,5,Low
CUST100351,28.97972222222222,75.95,2,Low
CUST100352,30.87447368421053,71.52,4,Low
CUST100353,35.61138888888889,71.92,2,Medium
CUST100354,26.817037037037036,68.33,3,Low
CUST100355,32.28818181818182,70.42,3,Low
CUST100356,31.558604651162792,77.06,3,Low
CUST100357,34.70612903225806,74.22,5,Low
CUST100358,30.86857142857143,73.59,2,Low
CUST100359,32.054736842105264,76.3,4,Low
CUST100360,28.96970588235294,75.17,2,Low
CUST100361,32.080232558139535,76.18,3,Low
CUST100362,27.83083333333333,82.05,2,Low
CUST100363,29.700000000000003,80.52,2,Low
CUST100364,39.865,85.11,5,Medium
CUST100365,31.588,74.04,3,Low
CUST100366,30.133870967741935,76.0,2,Low
CUST100367,28.952499999999997,67.34,2,Low
CUST100368,26.44738095238095,61.75,1,Low
CUST100369,31.00292682926829,71.08,4,Low
CUST100370,29.097380952380952,71.46,2,Low
CUST100371,28.295151515151517,65.64,3,Low
CUST100372,26.615454545454543,73.76,1,Low
CUST100373,33.41916666666666,72.39,3,Low
CUST100374,30.925813953488372,74.87,4,Low
CUST100375,31.567575757575757,78.71,1,Low
CUST100376,33.82853658536585,79.53,3,Low
CUST100377,34.057826086956524,73.1,5,Low
CUST100378,29.835666666666665,72.1,4,Low
CUST100379,30.60340909090909,73.27,4,Low
CUST100380,31.88872340425532,73.03,4,Low
CUST100381,26.880208333333332,80.34,2,Low
CUST100382,29.566666666666666,78.38,2,Low
CUST100383,26.152083333333334,71.88,3,Low
CUST100384,38.96973684210527,67.01,5,Medium
CUST100385,38.449600000000004,75.13,7,Medium
CUST100386,29.483409090909092,77.66,2,Low
CUST100387,35.58657894736842,76.53,2,Medium
CUST100388,32.94032258064516,76.41,1,Low
CUST100389,30.793548387096774,74.5,1,Low
CUST100390,35.07,70.91,3,Medium
CUST100391,29.814651162790696,75.43,4,Low
CUST100392,29.620749999999997,73.06,1,Low
CUST100393,31.003658536585363,72.71,5,Low
CUST100394,33.35535714285714,74.97,2,Low
CUST100395,35.8775,73.43,2,Medium
CUST100396,31.351499999999998,72.68,4,Low
CUST100397,31.244193548387095,74.0,3,Low
CUST100398,27.649069767441862,72.42,1,Low
CUST100399,38.62837209302325,79.36,6,Medium
CUST100400,31.060625,73.33,2,Low
CUST100401,30.440625,66.7,1,Low
CUST100402,32.22481481481481,72.97,2,Low
CUST100403,33.81418604651163,73.29,3,Low
CUST100404,44.135576923076925,81.22,9,Medium
CUST100405,34.99916666666667,81.67,4,Low
CUST100406,37.403214285714284,66.16,1,Medium
CUST100407,32.33675,77.43,4,Low
CUST100408,28.413939393939394,75.23,3,Low
CUST100409,37.50705882352941,74.58,6,Medium
CUST100410,29.16105263157895,73.36,5,Low
CUST100411,35.34238095238095,89.06,3,Medium
CUST100412,34.28472222222222,73.8,3,Low
CUST100413,31.828205128205127,76.53,4,Low
CUST100414,33.34806451612903,72.84,3,Low
CUST100415,31.50318181818182,69.93,2,Low
CUST100416,33.715833333333336,79.29,3,Low
CUST100417,29.60846153846154,74.23,2,Low
CUST100418,28.804999999999996,71.49,3,Low
CUST100419,28.73578947368421,71.32,2,Low
CUST100420,31.790625000000002,78.88,5,Low
CUST100421,33.568064516129034,65.53,2,Low
CUST100422,42.5872972972973,90.44,7,Medium
CUST100423,37.617000000000004,77.47,5,Medium
CUST100424,34.24,72.8,2,Low
CUST100425,31.896285714285717,56.02,0,Low
CUST100426,27.30189189189189,45.64,0,Low
CUST100427,32.353846153846156,71.39,2,Low
CUST100428,39.79576923076923,72.18,3,Medium
CUST100429,30.842380952380957,74.73,4,Low
CUST100430,31.607499999999998,58.14,0,Low
CUST100431,30.71159090909091,73.43,5,Low
CUST100432,34.82818181818182,62.03,1,Low
CUST100433,30.316829268292683,73.9,2,Low
CUST100434,33.115,75.69,3,Low
CUST100435,30.00103448275862,70.14,3,Low
CUST100436,32.94317073170732,78.91,5,Low
CUST100437,31.5125,52.35,0,Low
CUST100438,34.16576923076923,78.82,4,Low
CUST100439,41.315333333333335,80.13,6,Medium
CUST100440,30.48227272727273,77.75,3,Low
CUST100441,32.03093023255814,64.43,2,Low
CUST100442,30.862368421052633,76.62,1,Low
CUST100443,27.282826086956522,69.68,4,Low
CUST100444,31.006999999999998,72.4,3,Low
CUST100445,30.996052631578944,75.24,3,Low
CUST100446,43.463421052631574,86.44,5,Medium
CUST100447,29.4935,74.58,2,Low
CUST100448,31.47285714285714,66.11,1,Low
CUST100449,27.604358974358973,72.56,2,Low
CUST100450,35.044117647058826,72.59,4,Medium
CUST100451,33.130303030303025,81.51,1,Low
CUST100452,31.213428571428572,70.59,4,Low
CUST100453,29.686285714285713,71.2,2,Low
CUST100454,36.90769230769231,78.06,5,Medium
CUST100455,35.885000000000005,72.48,6,Medium
CUST100456,39.250571428571426,78.09,2,Medium
CUST100457,33.944736842105264,81.24,5,Low
CUST100458,35.48897435897436,88.93,4,Medium
CUST100459,35.04925,86.42,4,Medium
CUST100460,35.11369565217392,78.04,2,Medium
CUST100461,29.936041666666668,70.93,8,Low
CUST100462,28.50243902439024,69.36,2,Low
CUST100463,32.69864864864864,80.96,1,Low
CUST100464,33.45738095238095,72.94,3,Low
CUST100465,37.87655172413793,86.76,4,Medium
CUST100466,29.265128205128203,81.49,1,Low
CUST100467,28.773750000000003,74.93,2,Low
CUST100468,26.646470588235296,68.81,2,Low
CUST100469,35.233333333333334,79.67,5,Medium
CUST100470,28.13659090909091,66.68,2,Low
CUST100471,34.115833333333335,79.42,5,Low
CUST100472,34.858717948717945,76.27,3,Low
CUST100473,32.902727272727276,68.37,3,Low
CUST100474,27.2525641025641,69.87,3,Low
CUST100475,31.387058823529415,69.4,3,Low
CUST100476,29.913999999999998,78.12,3,Low
CUST100477,39.571923076923085,63.03,1,Medium
CUST100478,42.72878787878788,72.08,5,Medium
CUST100479,28.95555555555556,73.24,3,Low
CUST100480,32.92630434782608,75.0,1,Low
CUST100481,32.71175,72.72,2,Low
CUST100482,30.866666666666667,72.93,2,Low
CUST100483,30.48242424242424,70.47,2,Low
CUST100484,28.777027027027028,71.28,3,Low
CUST100485,30.897291666666664,69.71,4,Low
CUST100486,29.778222222222222,73.41,3,Low
CUST100487,30.99675675675676,70.4,2,Low
CUST100488,27.94925925925926,78.19,1,Low
CUST100489,31.23767441860465,68.07,5,Low
CUST100490,31.304375000000004,71.88,4,Low
CUST100491,30.703750000000003,68.41,6,Low
CUST100492,31.16578947368421,65.58,1,Low
CUST100493,30.144634146341463,75.51,3,Low
CUST100494,28.033488372093025,72.29,3,Low
CUST100495,30.453250000000004,65.41,1,Low
CUST100496,36.304186046511624,76.69,7,Medium
CUST100497,33.78121951219512,76.67,2,Low
CUST100498,30.56952380952381,72.98,4,Low
CUST100499,30.54293103448276,63.67,1,Low
CUST100500,29.843953488372094,75.19,5,Low
CUST100501,34.77025641025641,74.33,4,Low
CUST100502,29.078055555555554,73.16,1,Low
CUST100503,36.55810810810811,72.54,3,Medium
CUST100504,31.661470588235293,73.44,3,Low
CUST100505,31.74309523809524,72.62,4,Low
CUST100506,27.59263157894737,70.4,3,Low
CUST100507,32.14612903225807,62.72,2,Low
CUST100508,30.050270270270268,63.48,1,Low
CUST100509,33.4715,69.73,2,Low
CUST100510,30.956415094339622,73.77,1,Low
CUST100511,28.051025641025642,72.65,2,Low
CUST100512,36.776585365853656,73.25,7,Medium
CUST100513,30.945999999999998,79.22,3,Low
CUST100514,29.672340425531914,78.95,4,Low
CUST100515,30.10288888888889,68.15,4,Low
CUST100516,33.60171428571429,77.03,2,Low
CUST100517,37.80913043478261,78.33,8,Medium
CUST100518,26.396428571428572,76.61,1,Low
CUST100519,28.70195652173913,68.07,3,Low
CUST100520,24.579074074074075,69.47,3,Low
CUST100521,28.36522727272727,80.99,3,Low
CUST100522,36.7592,72.22,2,Medium
CUST100523,32.20470588235294,81.85,4,Low
CUST100524,32.70622222222222,75.48,5,Low
CUST100525,32.957142857142856,73.35,4,Low
CUST100526,40.55,81.48,6,Medium
CUST100527,43.6254054054054,78.83,4,Medium
CUST100528,41.3328947368421,86.08,9,Medium
CUST100529,39.28272727272727,72.74,4,Medium
CUST100530,33.27442307692308,75.54,4,Low
CUST100531,26.943548387096776,76.53,1,Low
CUST100532,25.423333333333332,67.25,3,Low
CUST100533,27.851,67.66,3,Low
CUST100534,38.190769230769234,78.58,4,Medium
CUST100535,26.809756097560978,74.1,4,Low
CUST100536,25.95285714285714,79.85,2,Low
CUST100537,36.43228571428572,74.97,2,Medium
CUST100538,33.960243902439025,69.36,2,Low
CUST100539,30.508108108108107,70.2,5,Low
CUST100540,41.99707317073171,81.75,7,Medium
CUST100541,34.00459459459459,80.28,3,Low
CUST100542,27.142857142857142,72.85,2,Low
CUST100543,45.7575,91.47,3,Medium
CUST100544,33.72333333333333,71.11,3,Low
CUST100545,27.687872340425532,75.66,2,Low
CUST100546,30.19888888888889,70.38,3,Low
CUST100547,33.4325,77.43,4,Low
CUST100548,28.785348837209302,72.27,2,Low
CUST100549,28.21034482758621,69.1,5,Low
CUST100550,26.706222222222223,76.03,2,Low
CUST100551,28.106399999999997,71.86,3,Low
CUST100552,29.287105263157898,73.64,2,Low
CUST100553,29.974,71.25,4,Low
CUST100554,32.81027777777778,71.56,3,Low
CUST100555,30.98,74.08,4,Low
CUST100556,32.168064516129036,79.22,2,Low
CUST100557,34.86236842105263,86.93,4,Low
CUST100558,37.83878787878788,73.47,3,Medium
CUST100559,31.30891891891892,74.31,1,Low
CUST100560,31.72675,76.89,4,Low
CUST100561,31.349999999999998,72.05,3,Low
CUST100562,33.71081081081081,79.04,4,Low
CUST100563,33.622244897959185,69.91,6,Low
CUST100564,30.376666666666665,72.74,3,Low
CUST100565,31.665750000000003,72.61,3,Low
CUST100566,29.793939393939397,71.76,2,Low
CUST100567,31.3190243902439,77.14,3,Low
CUST100568,29.43318181818182,69.85,3,Low
CUST100569,29.885952380952382,71.19,4,Low
CUST100570,32.54212765957447,80.87,3,Low
CUST100571,37.41709677419355,79.43,6,Medium
CUST100572,30.916333333333334,73.44,2,Low
CUST100573,32.61184210526316,70.36,4,Low
CUST100574,32.130270270270266,68.78,3,Low
CUST100575,30.243142857142857,77.47,4,Low
CUST100576,33.366,88.89,4,Low
CUST100577,31.75452380952381,68.73,3,Low
CUST100578,41.07060606060606,82.47,3,Medium
CUST100579,34.16758620689655,74.09,4,Low
CUST100580,26.88066666666667,68.52,3,Low
CUST100581,30.50206896551724,78.45,1,Low
CUST100582,29.946216216216214,76.79,2,Low
CUST100583,27.566078431372553,79.34,5,Low
CUST100584,32.830689655172414,76.92,3,Low
CUST100585,36.09111111111111,79.9,6,Medium
CUST100586,29.252195121951218,68.48,4,Low
CUST100587,34.78613636363636,76.34,7,Low
CUST100588,32.420731707317074,71.11,3,Low
CUST100589,30.555945945945943,75.97,4,Low
CUST100590,41.760625,78.04,6,Medium
CUST100591,32.40595744680851,74.81,4,Low
CUST100592,29.009117647058822,68.68,5,Low
CUST100593,32.59078947368421,66.73,2,Low
CUST100594,38.8348,75.47,4,Medium
CUST100595,35.22820512820513,83.31,3,Medium
CUST100596,32.638000000000005,70.71,4,Low
CUST100597,29.09296296296296,72.82,1,Low
CUST100598,44.19475,83.41,6,Medium
CUST100599,28.188936170212767,71.68,4,Low
CUST100600,35.82725,71.4,4,Medium
CUST100601,29.054000000000002,73.55,3,Low
CUST100602,32.916170212765955,62.4,1,Low
CUST100603,29.80711111111111,73.35,4,Low
CUST100604,41.18043478260869,82.03,5,Medium
CUST100605,29.91975,65.65,4,Low
CUST100606,32.46,79.85,3,Low
CUST100607,31.673235294117642,78.24,2,Low
CUST100608,34.67933333333334,69.28,3,Low
CUST100609,30.78722222222222,80.78,3,Low
CUST100610,31.761666666666667,71.47,3,Low
CUST100611,34.541777777777774,71.39,2,Low
CUST100612,41.9266,78.24,4,Medium
CUST100613,40.828108108108104,81.89,4,Medium
CUST100614,27.807567567567563,71.82,3,Low
CUST100615,36.931875,71.98,3,Medium
CUST100616,28.784897959183674,70.46,2,Low
CUST100617,34.17025641025641,71.65,4,Low
CUST100618,33.37825,82.68,3,Low
CUST100619,26.704651162790697,74.76,3,Low
CUST100620,37.60878048780488,81.03,2,Medium
CUST100621,30.87648648648649,66.15,2,Low
CUST100622,42.640888888888895,81.59,4,Medium
CUST100623,31.45837837837838,81.54,2,Low
CUST100624,44.146470588235296,83.11,4,Medium
CUST100625,32.28211538461539,72.53,4,Low
CUST100626,37.988787878787875,73.62,3,Medium
CUST100627,29.97490566037736,71.07,2,Low
CUST100628,29.69483870967742,79.32,3,Low
CUST100629,35.47416666666666,81.77,3,Medium
CUST100630,30.509333333333334,70.44,3,Low
CUST100631,26.701891891891893,75.2,2,Low
CUST100632,34.0304347826087,70.03,4,Low
CUST100633,30.325135135135135,67.43,5,Low
CUST100634,36.50666666666667,83.6,4,Medium
CUST100635,25.178703703703704,71.61,1,Low
CUST100636,28.738392857142856,71.04,4,Low
CUST100637,31.375263157894736,76.91,3,Low
CUST100638,27.226451612903226,58.07,0,Low
CUST100639,26.770333333333333,72.35,1,Low
CUST100640,32.83625,69.86,3,Low
CUST100641,36.04857142857143,78.08,4,Medium
CUST100642,40.038148148148146,75.12,4,Medium
CUST100643,30.078157894736844,68.83,3,Low
CUST100644,31.115476190476187,74.13,3,Low
CUST100645,25.306190476190473,73.97,2,Low
CUST100646,40.905853658536586,75.63,8,Medium
CUST100647,33.391,70.61,3,Low
CUST100648,27.8519512195122,68.17,3,Low
CUST100649,32.89206896551724,70.86,2,Low
CUST100650,27.298703703703705,74.31,4,Low
CUST100651,30.32470588235294,74.91,1,Low
CUST100652,25.611964285714286,71.52,2,Low
CUST100653,33.326279069767445,81.84,3,Low
CUST100654,30.553541666666664,73.64,4,Low
CUST100655,34.35333333333333,71.23,3,Low
CUST100656,31.1965306122449,73.89,3,Low
CUST100657,30.784999999999997,73.4,1,Low
CUST100658,28.80622222222222,81.01,3,Low
CUST100659,26.984102564102567,65.2,1,Low
CUST100660,31.48170731707317,74.92,4,Low
CUST100661,33.054736842105264,67.18,1,Low
CUST100662,28.396499999999996,72.0,4,Low
CUST100663,31.945853658536585,69.65,3,Low
CUST100664,30.62730769230769,72.66,5,Low
CUST100665,40.54173076923077,76.0,9,Medium
CUST100666,31.04,70.53,2,Low
CUST100667,41.40571428571429,76.64,6,Medium
CUST100668,24.290217391304346,68.7,2,Low
CUST100669,34.331162790697675,89.26,2,Low
CUST100670,31.138709677419353,53.96,0,Low
CUST100671,32.431428571428576,81.23,6,Low
CUST100672,38.888837209302324,78.5,4,Medium
CUST100673,38.44024390243902,77.24,6,Medium
CUST100674,27.822,74.82,3,Low
CUST100675,33.052258064516124,68.57,2,Low
CUST100676,30.060769230769235,81.42,2,Low
CUST100677,31.095405405405405,66.39,3,Low
CUST100678,36.235217391304346,77.13,6,Medium
CUST100679,36.09818181818182,70.65,3,Medium
CUST100680,32.60897435897436,77.96,4,Low
CUST100681,36.556744186046515,92.15,4,Medium
CUST100682,31.595714285714283,66.62,2,Low
CUST100683,28.21578947368421,74.87,2,Low
CUST100684,33.5488,74.64,2,Low
CUST100685,31.848709677419357,65.66,3,Low
CUST100686,31.36344827586207,73.81,1,Low
CUST100687,40.25878048780488,82.08,4,Medium
CUST100688,33.946,71.07,1,Low
CUST100689,31.376923076923077,80.86,1,Low
CUST100690,27.27522727272727,55.95,0,Low
CUST100691,29.62697674418605,67.27,1,Low
CUST100692,26.251395348837207,74.44,2,Low
CUST100693,27.22826086956522,76.63,2,Low
CUST100694,34.665853658536584,78.56,5,Low
CUST100695,30.003870967741936,66.38,2,Low
CUST100696,29.379767441860462,76.63,3,Low
CUST100697,29.40936170212766,76.48,2,Low
CUST100698,26.86794871794872,73.6,4,Low
CUST100699,37.145526315789475,74.08,5,Medium
CUST100700,30.231052631578947,69.2,3,Low
CUST100701,36.80475,71.48,4,Medium
CUST100702,31.675581395348836,74.78,1,Low
CUST100703,33.3378125,70.99,2,Low
CUST100704,29.541785714285712,77.63,2,Low
CUST100705,27.949811320754716,71.84,2,Low
CUST100706,31.84842105263158,80.57,1,Low
CUST100707,34.56574074074074,77.66,3,Low
CUST100708,27.40108695652174,71.27,4,Low
CUST100709,34.016666666666666,73.56,3,Low
CUST100710,43.59,85.66,3,Medium
CUST100711,34.824999999999996,78.6,5,Low
CUST100712,37.51,77.38,4,Medium
CUST100713,29.1468085106383,68.92,5,Low
CUST100714,32.99523809523809,71.73,2,Low
CUST100715,27.63948717948718,68.28,2,Low
CUST100716,35.685641025641026,72.67,5,Medium
CUST100717,25.513777777777776,73.7,2,Low
CUST100718,29.399583333333336,61.23,1,Low
CUST100719,41.738749999999996,68.41,2,Medium
CUST100720,31.343000000000004,72.6,3,Low
CUST100721,29.143076923076922,75.3,3,Low
CUST100722,32.92595238095238,73.88,2,Low
CUST100723,40.076875,79.63,6,Medium
CUST100724,29.681515151515153,68.83,3,Low
CUST100725,35.11225,83.78,5,Medium
CUST100726,28.920416666666668,60.82,1,Low
CUST100727,28.583947368421054,70.39,1,Low
CUST100728,27.79432432432433,75.7,1,Low
CUST100729,29.161739130434785,71.64,2,Low
CUST100730,30.643448275862067,65.6,3,Low
CUST100731,33.157,67.69,1,Low
CUST100732,33.91552631578947,81.42,3,Low
CUST100733,30.250731707317073,75.82,3,Low
CUST100734,31.29717391304348,68.43,3,Low
CUST100735,35.59520833333333,82.06,2,Medium
CUST100736,33.347857142857144,70.88,2,Low
CUST100737,30.41775,77.87,3,Low
CUST100738,32.064358974358974,70.81,3,Low
CUST100739,31.03864864864865,65.39,1,Low
CUST100740,38.850638297872344,78.12,3,Medium
CUST100741,35.031463414634146,78.02,6,Medium
CUST100742,28.548863636363638,66.78,2,Low
CUST100743,35.66857142857143,71.34,2,Medium
CUST100744,29.259249999999998,61.36,1,Low
CUST100745,34.65677419354839,74.38,4,Low
CUST100746,29.07785714285714,62.77,1,Low
CUST100747,36.141290322580645,72.36,4,Medium
CUST100748,30.02755102040816,74.21,3,Low
CUST100749,29.62061224489796,68.94,5,Low
CUST100750,33.05304347826087,69.82,5,Low
CUST100751,32.17146341463415,78.67,4,Low
CUST100752,31.91452380952381,71.37,4,Low
CUST100753,35.64323529411765,76.1,4,Medium
CUST100754,28.214137931034482,67.15,1,Low
CUST100755,28.019999999999996,78.92,3,Low
CUST100756,26.8814,73.51,2,Low
CUST100757,33.975918367346935,72.07,7,Low
CUST100758,31.540967741935482,67.07,2,Low
CUST100759,39.397380952380956,78.56,4,Medium
CUST100760,34.27978723404256,73.66,3,Low
CUST100761,26.276458333333334,76.26,3,Low
CUST100762,36.69230769230769,75.04,5,Medium
CUST100763,33.22052631578948,75.26,3,Low
CUST100764,32.41820512820512,68.43,1,Low
CUST100765,36.17820512820513,74.0,5,Medium
CUST100766,35.56314285714286,74.35,4,Medium
CUST100767,34.63473684210526,76.41,6,Low
CUST100768,30.847906976744188,80.59,2,Low
CUST100769,33.14,72.12,2,Low
CUST100770,39.27487179487179,66.93,4,Medium
CUST100771,27.689444444444447,69.48,3,Low
CUST100772,27.36825,76.8,2,Low
CUST100773,31.866129032258065,73.67,1,Low
CUST100774,27.87404761904762,63.09,1,Low
CUST100775,29.22348837209302,75.4,3,Low
CUST100776,33.42567567567568,63.77,2,Low
CUST100777,32.18228571428572,74.64,4,Low
CUST100778,26.393617021276597,76.08,1,Low
CUST100779,29.171951219512195,78.07,1,Low
CUST100780,33.12525,80.47,4,Low
CUST100781,30.632978723404257,71.33,1,Low
CUST100782,35.75,73.16,5,Medium
CUST100783,28.867941176470588,65.59,2,Low
CUST100784,40.48810810810811,75.81,2,Medium
CUST100785,29.62162162162162,60.24,1,Low
CUST100786,31.792972972972972,71.4,3,Low
CUST100787,28.919565217391302,66.6,1,Low
CUST100788,30.933235294117647,73.48,2,Low
CUST100789,27.9215625,79.51,2,Low
CUST100790,27.584285714285716,74.28,2,Low
CUST100791,28.036530612244896,75.76,2,Low
CUST100792,33.212857142857146,74.28,6,Low
CUST100793,30.08404255319149,72.7,3,Low
CUST100794,28.473773584905658,84.8,3,Low
CUST100795,30.651249999999997,66.88,2,Low
CUST100796,30.719333333333335,75.04,4,Low
CUST100797,31.813783783783787,67.37,1,Low
CUST100798,25.97869565217391,75.38,2,Low
CUST100799,26.95325581395349,77.34,3,Low
CUST100800,30.015757575757576,75.42,1,Low
CUST100801,31.711395348837208,72.9,3,Low
CUST100802,29.412156862745096,81.78,1,Low
CUST100803,32.258913043478266,74.56,2,Low
CUST100804,26.45195652173913,69.18,3,Low
CUST100805,30.4225,75.37,1,Low
CUST100806,35.574,73.82,6,Medium
CUST100807,34.782765957446806,76.19,6,Low
CUST100808,36.71230769230769,72.11,5,Medium
CUST100809,48.911875,80.41,6,Medium
CUST100810,29.566666666666666,72.9,3,Low
CUST100811,28.09022222222222,67.72,3,Low
CUST100812,45.839459459459455,83.29,7,Medium
CUST100813,33.96333333333333,76.81,3,Low
CUST100814,32.28,72.71,4,Low
CUST100815,32.14969696969697,74.56,3,Low
CUST100816,28.178500000000003,75.55,2,Low
CUST100817,38.29642857142857,73.71,5,Medium
CUST100818,33.08095238095238,75.68,4,Low
CUST100819,31.46857142857143,68.63,2,Low
CUST100820,33.11521739130435,79.79,3,Low
CUST100821,29.755434782608695,68.92,1,Low
CUST100822,31.979534883720934,76.68,4,Low
CUST100823,32.226190476190474,72.47,3,Low
CUST100824,36.592083333333335,76.92,3,Medium
CUST100825,33.65114285714286,79.39,5,Low
CUST100826,31.951851851851853,67.66,2,Low
CUST100827,34.042121212121216,73.51,3,Low
CUST100828,29.456410256410255,68.74,2,Low
CUST100829,33.17934782608695,75.78,3,Low
CUST100830,26.513272727272728,75.65,3,Low
CUST100831,35.128684210526316,71.69,4,Medium
CUST100832,29.39027027027027,76.14,4,Low
CUST100833,33.88645161290323,75.61,2,Low
CUST100834,37.231515151515154,72.12,7,Medium
CUST100835,29.96470588235294,71.8,4,Low
CUST100836,28.952758620689654,52.62,0,Low
CUST100837,42.57689655172414,81.05,5,Medium
CUST100838,31.846111111111114,56.14,0,Low
CUST100839,28.09375,72.82,3,Low
CUST100840,32.43611111111111,77.95,2,Low
CUST100841,27.59212121212121,61.32,1,Low
CUST100842,33.56466666666667,76.52,2,Low
CUST100843,33.736041666666665,73.55,5,Low
CUST100844,29.147391304347824,75.63,3,Low
CUST100845,29.95294117647059,79.43,2,Low
CUST100846,34.16028571428571,74.71,2,Low
CUST100847,28.026097560975607,53.52,0,Low
CUST100848,37.358947368421056,85.77,3,Medium
CUST100849,41.90581395348838,66.21,3,Medium
CUST100850,26.145128205128206,76.22,4,Low
CUST100851,31.182571428571432,66.56,5,Low
CUST100852,36.28634146341464,76.11,7,Medium
CUST100853,34.69906976744186,77.04,5,Low
CUST100854,34.86571428571428,69.91,2,Low
CUST100855,26.96526315789474,74.45,1,Low
CUST100856,34.991081081081084,72.1,2,Low
CUST100857,34.45641025641026,74.83,2,Low
CUST100858,27.61263157894737,69.63,2,Low
CUST100859,32.91291666666667,74.87,3,Low
CUST100860,29.837906976744186,73.4,3,Low
CUST100861,40.63897959183674,77.47,7,Medium
CUST100862,29.862368421052633,74.82,3,Low
CUST100863,38.17225806451613,67.18,2,Medium
CUST100864,33.79895833333333,74.98,2,Low
CUST100865,31.04285714285714,70.73,6,Low
CUST100866,31.004358974358976,70.07,2,Low
CUST100867,35.33235294117647,76.94,3,Medium
CUST100868,37.15526315789474,79.79,7,Medium
CUST100869,29.994444444444444,74.77,1,Low
CUST100870,30.122750000000003,72.15,4,Low
CUST100871,32.975,81.69,8,Low
CUST100872,45.089729729729726,82.18,9,Medium
CUST100873,29.91862068965517,69.98,2,Low
CUST100874,30.047021276595746,72.92,2,Low
CUST100875,32.03971428571429,66.39,2,Low
CUST100876,29.525151515151517,71.92,2,Low
CUST100877,31.22903846153846,70.85,4,Low
CUST100878,33.86510638297872,66.11,5,Low
CUST100879,31.991627906976746,77.74,4,Low
CUST100880,30.600749999999998,77.0,2,Low
CUST100881,26.283499999999997,78.49,1,Low
CUST100882,32.73066666666667,76.14,4,Low
CUST100883,33.548809523809524,74.54,3,Low
CUST100884,31.741363636363634,75.94,5,Low
CUST100885,28.78142857142857,68.35,1,Low
CUST100886,31.341458333333332,75.94,5,Low
CUST100887,32.89194444444444,79.89,5,Low
CUST100888,27.149787234042552,79.21,3,Low
CUST100889,36.64243243243243,69.9,3,Medium
CUST100890,29.442448979591838,75.39,1,Low
CUST100891,44.00838709677419,81.97,3,Medium
CUST100892,32.96162162162162,74.84,2,Low
CUST100893,29.868837209302324,74.93,4,Low
CUST100894,30.730666666666664,79.3,2,Low
CUST100895,31.081363636363633,73.39,5,Low
CUST100896,31.64025,82.54,4,Low
CUST100897,37.0219512195122,76.15,3,Medium
CUST100898,27.88,67.5,2,Low
CUST100899,33.87075,67.72,4,Low
CUST100900,32.669761904761906,73.57,3,Low
CUST100901,26.784200000000002,83.09,2,Low
CUST100902,33.54484848484849,73.16,4,Low
CUST100903,28.45659574468085,82.25,5,Low
CUST100904,41.04521739130435,75.66,4,Medium
CUST100905,32.5074358974359,76.54,5,Low
CUST100906,31.162916666666664,72.87,1,Low
CUST100907,36.50595238095238,76.67,6,Medium
CUST100908,31.27727272727273,68.63,1,Low
CUST100909,30.316315789473684,72.94,3,Low
CUST100910,29.343076923076925,68.65,3,Low
CUST100911,32.69552631578947,72.18,3,Low
CUST100912,36.71695652173913,91.15,3,Medium
CUST100913,45.84510638297872,88.49,9,Medium
CUST100914,35.12869565217392,70.27,5,Medium
CUST100915,37.17948717948718,80.86,3,Medium
CUST100916,31.878666666666668,73.77,2,Low
CUST100917,28.771081081081082,63.14,1,Low
CUST100918,31.884,59.0,0,Low
CUST100919,41.478125,73.92,4,Medium
CUST100920,31.358085106382976,72.92,5,Low
CUST100921,30.918108108108108,73.3,3,Low
CUST100922,36.39588235294118,69.06,3,Medium
CUST100923,36.1472972972973,77.17,2,Medium
CUST100924,30.25076923076923,71.84,2,Low
CUST100925,32.0840625,71.77,3,Low
CUST100926,30.997500000000002,74.72,4,Low
CUST100927,40.612758620689654,76.72,3,Medium
CUST100928,33.31075,68.81,4,Low
CUST100929,30.28885714285714,72.54,1,Low
CUST100930,29.24404255319149,71.67,3,Low
CUST100931,32.38159090909091,76.41,4,Low
CUST100932,34.674,66.57,3,Low
CUST100933,32.07666666666667,70.58,3,Low
CUST100934,27.791052631578946,78.11,3,Low
CUST100935,33.49864864864865,74.81,5,Low
CUST100936,30.20030303030303,78.36,2,Low
CUST100937,31.424594594594595,72.45,2,Low
CUST100938,32.786491228070176,76.93,5,Low
CUST100939,32.98307692307692,74.81,4,Low
CUST100940,33.65521739130435,75.89,3,Low
CUST100941,36.70428571428571,72.06,6,Medium
CUST100942,27.79978723404255,72.92,4,Low
CUST100943,30.615384615384617,80.34,1,Low
CUST100944,31.068108108108106,69.42,3,Low
CUST100945,33.56304347826087,59.17,0,Low
CUST100946,30.137894736842107,76.39,2,Low
CUST100947,30.19,77.25,2,Low
CUST100948,25.85578947368421,66.01,2,Low
CUST100949,30.811,70.91,3,Low
CUST100950,27.176578947368423,73.35,2,Low
CUST100951,31.034878048780488,81.13,2,Low
CUST100952,32.153513513513516,70.54,3,Low
CUST100953,32.07061224489796,70.65,2,Low
CUST100954,32.37735294117647,70.5,4,Low
CUST100955,34.782105263157895,78.56,3,Low
CUST100956,38.43263157894737,80.89,5,Medium
CUST100957,33.79651162790697,65.61,1,Low
CUST100958,36.43866666666667,75.81,5,Medium
CUST100959,38.35975,77.56,4,Medium
CUST100960,33.61677419354839,81.93,1,Low
CUST100961,32.43054054054054,71.08,5,Low
CUST100962,37.70511627906976,75.79,5,Medium
CUST100963,33.633823529411764,63.02,3,Low
CUST100964,27.18046511627907,74.25,3,Low
CUST100965,34.66125,73.32,4,Low
CUST100966,42.09238095238096,70.21,5,Medium
CUST100967,26.80333333333333,76.51,2,Low
CUST100968,28.182424242424243,70.03,2,Low
CUST100969,34.41475,73.11,4,Low
CUST100970,31.232894736842102,73.07,2,Low
CUST100971,40.248000000000005,71.99,6,Medium
CUST100972,32.11387096774193,68.63,2,Low
CUST100973,36.85454545454545,76.4,4,Medium
CUST100974,32.94529411764706,56.89,0,Low
CUST100975,34.84630434782609,83.13,3,Low
CUST100976,38.35066666666667,83.27,5,Medium
CUST100977,31.047837837837836,71.01,1,Low
CUST100978,29.307567567567563,65.67,3,Low
CUST100979,34.2403125,75.8,2,Low
CUST100980,43.076458333333335,85.61,6,Medium
CUST100981,37.5919512195122,97.74,3,Medium
CUST100982,34.429459459459466,65.43,2,Low
CUST100983,30.84558139534884,69.01,1,Low
CUST100984,32.28575,73.27,2,Low
CUST100985,29.06775,56.05,0,Low
CUST100986,27.983571428571427,63.31,1,Low
CUST100987,31.153333333333332,72.06,5,Low
CUST100988,31.84225,76.37,4,Low
CUST100989,32.135000000000005,76.33,2,Low
CUST100990,28.773947368421055,66.65,1,Low
CUST100991,32.75767441860465,71.04,3,Low
CUST100992,27.232631578947366,77.02,3,Low
CUST100993,30.24586956521739,69.17,4,Low
CUST100994,36.244571428571426,71.57,4,Medium
CUST100995,33.832682926829264,82.62,2,Low
CUST100996,33.15860465116279,79.69,4,Low
CUST100997,35.40490566037736,75.48,3,Medium
CUST100998,45.025,78.11,5,Medium
CUST100999,29.53527777777778,66.77,2,Low
CUST101000,36.0459375,73.69,6,Medium
CUST101001,32.90581395348838,73.54,5,Low
CUST101002,28.945744680851064,76.85,4,Low
CUST101003,27.148275862068964,70.99,1,Low
CUST101004,28.996,62.03,2,Low
CUST101005,33.32042553191489,71.11,5,Low
CUST101006,32.35243243243243,74.78,4,Low
CUST101007,29.776046511627904,80.59,1,Low
CUST101008,30.225609756097562,61.63,2,Low
CUST101009,34.190000000000005,72.59,3,Low
CUST101010,29.735384615384618,72.76,3,Low
CUST101011,28.731714285714286,70.97,1,Low
CUST101012,31.076363636363638,75.72,3,Low
CUST101013,31.92560975609756,71.26,6,Low
CUST101014,39.72666666666667,82.35,7,Medium
CUST101015,32.116129032258065,70.61,2,Low
CUST101016,28.595128205128205,74.46,2,Low
CUST101017,30.94689655172414,58.69,0,Low
CUST101018,27.41046511627907,75.34,3,Low
CUST101019,30.88138888888889,68.42,3,Low
CUST101020,32.85,74.09,2,Low
CUST101021,31.718421052631577,72.37,2,Low
CUST101022,44.31117647058824,86.27,4,Medium
CUST101023,30.62818181818182,76.92,3,Low
CUST101024,26.0275,70.73,1,Low
CUST101025,35.31211538461538,69.64,4,Medium
CUST101026,33.54375,75.19,1,Low
CUST101027,29.66046511627907,65.55,1,Low
CUST101028,28.518333333333334,73.01,4,Low
CUST101029,29.857608695652175,65.01,2,Low
CUST101030,31.076315789473686,70.18,3,Low
CUST101031,31.348536585365853,69.84,1,Low
CUST101032,36.16558823529412,72.18,6,Medium
CUST101033,34.07840909090909,79.32,4,Low
CUST101034,34.06825,77.7,2,Low
CUST101035,32.16275862068966,61.21,1,Low
CUST101036,35.01189189189189,75.18,3,Medium
CUST101037,36.542291666666664,75.64,4,Medium
CUST101038,31.5196,64.16,1,Low
CUST101039,35.347750000000005,76.84,5,Medium
CUST101040,29.198666666666668,74.01,4,Low
CUST101041,31.13806451612903,81.7,2,Low
CUST101042,30.635581395348837,72.99,3,Low
CUST101043,34.642580645161296,64.54,3,Low
CUST101044,30.198444444444444,72.58,4,Low
CUST101045,27.96983870967742,72.69,4,Low
CUST101046,27.918200000000002,76.78,3,Low
CUST101047,30.674318181818183,69.45,4,Low
CUST101048,29.491071428571427,69.8,2,Low
CUST101049,34.05320754716981,70.46,3,Low
CUST101050,34.33804347826087,79.86,3,Low
CUST101051,30.21,56.15,0,Low
CUST101052,36.74595238095238,72.5,4,Medium
CUST101053,35.1786,78.57,5,Medium
CUST101054,30.370444444444445,76.59,4,Low
CUST101055,30.009069767441858,65.99,5,Low
CUST101056,35.81666666666667,77.21,7,Medium
CUST101057,28.925405405405407,72.81,3,Low
CUST101058,33.65676470588235,75.34,4,Low
CUST101059,31.69413043478261,74.22,3,Low
CUST101060,43.25363636363637,81.66,5,Medium
CUST101061,34.55428571428571,71.19,4,Low
CUST101062,29.473902439024393,59.58,0,Low
CUST101063,30.370285714285714,73.96,1,Low
CUST101064,32.69384615384615,68.65,4,Low
CUST101065,43.994772727272725,78.94,6,Medium
CUST101066,34.79,80.19,4,Low
CUST101067,32.05975,74.33,4,Low
CUST101068,28.37909090909091,70.08,2,Low
CUST101069,27.224102564102566,81.32,2,Low
CUST101070,25.035813953488372,65.03,1,Low
CUST101071,30.16257142857143,68.2,3,Low
CUST101072,32.959666666666664,70.04,2,Low
CUST101073,31.45,52.04,0,Low
CUST101074,27.96,73.15,2,Low
CUST101075,31.33448979591837,72.0,2,Low
CUST101076,30.241162790697675,70.2,3,Low
CUST101077,35.419210526315794,81.83,5,Medium
CUST101078,31.335263157894737,73.36,4,Low
CUST101079,28.913243243243244,74.17,2,Low
CUST101080,29.34536585365853,66.98,4,Low
CUST101081,29.997169811320752,69.64,3,Low
CUST101082,31.90511627906977,70.0,3,Low
CUST101083,25.927209302325583,74.66,1,Low
CUST101084,36.504400000000004,75.38,3,Medium
CUST101085,33.887,73.85,3,Low
CUST101086,32.73282051282051,72.5,3,Low
CUST101087,32.68113636363636,70.94,5,Low
CUST101088,33.32292682926829,75.13,3,Low
CUST101089,33.37760869565217,80.7,4,Low
CUST101090,35.23972222222223,75.89,2,Medium
CUST101091,33.55931034482759,78.58,2,Low
CUST101092,33.245135135135136,75.6,3,Low
CUST101093,35.7475,66.9,2,Medium
CUST101094,29.163636363636364,70.11,5,Low
CUST101095,29.93439024390244,68.96,2,Low
CUST101096,36.46619047619048,74.35,2,Medium
CUST101097,32.25052631578947,75.91,2,Low
CUST101098,32.080612244897964,72.4,3,Low
CUST101099,29.058333333333334,72.84,2,Low
CUST101100,31.805142857142858,70.47,3,Low
CUST101101,33.98233333333334,85.78,5,Low
CUST101102,34.246923076923075,71.32,3,Low
CUST101103,27.685348837209304,67.14,1,Low
CUST101104,31.845333333333333,71.14,3,Low
CUST101105,41.50333333333333,77.88,6,Medium
CUST101106,32.72820512820513,75.73,6,Low
CUST101107,34.22820512820513,65.21,3,Low
CUST101108,43.21608695652174,73.2,2,Medium
CUST101109,31.93625,57.97,0,Low
CUST101110,34.60857142857143,77.27,2,Low
CUST101111,32.501333333333335,76.7,3,Low
CUST101112,32.108387096774194,74.01,1,Low
CUST101113,35.19,72.56,8,Medium
CUST101114,41.690000000000005,69.04,2,Medium
CUST101115,28.791315789473682,83.56,2,Low
CUST101116,34.14837837837838,73.62,5,Low
CUST101117,30.6775,71.69,2,Low
CUST101118,31.76735294117647,76.65,2,Low
CUST101119,36.5796875,70.61,5,Medium
CUST101120,35.18,71.47,2,Medium
CUST101121,31.29733333333333,69.59,2,Low
CUST101122,30.747500000000002,72.2,2,Low
CUST101123,33.47052631578947,74.47,2,Low
CUST101124,32.00945945945946,70.89,1,Low
CUST101125,32.04684210526316,69.98,3,Low
CUST101126,29.770588235294117,77.41,2,Low
CUST101127,30.61548387096774,54.72,0,Low
CUST101128,30.78514285714286,68.83,4,Low
CUST101129,43.292325581395346,84.91,6,Medium
CUST101130,44.0,79.55,8,Medium
CUST101131,30.87,72.78,5,Low
CUST101132,29.555263157894736,70.59,1,Low
CUST101133,31.997,86.76,1,Low
CUST101134,44.171190476190475,77.62,5,Medium
CUST101135,33.203947368421055,71.61,5,Low
CUST101136,40.00085714285714,77.76,5,Medium
CUST101137,31.22694915254237,72.18,4,Low
CUST101138,34.2875,63.64,3,Low
CUST101139,33.10193548387097,73.37,2,Low
CUST101140,27.746,74.36,3,Low
CUST101141,36.5364705882353,78.6,3,Medium
CUST101142,33.63225806451613,75.37,3,Low
CUST101143,45.53035714285714,82.98,4,Medium
CUST101144,32.8114,77.68,5,Low
CUST101145,29.31823529411765,76.08,3,Low
CUST101146,31.01735294117647,79.1,1,Low
CUST101147,25.460882352941177,54.08,0,Low
CUST101148,28.202884615384615,70.37,3,Low
CUST101149,34.92236842105263,71.11,4,Low
CUST101150,34.951081081081085,85.54,4,Low
CUST101151,28.451666666666668,59.66,0,Low
CUST101152,30.191621621621618,64.09,1,Low
CUST101153,37.28931818181818,74.52,7,Medium
CUST101154,36.065384615384616,86.01,4,Medium
CUST101155,30.034848484848485,76.7,2,Low
CUST101156,32.5774358974359,70.93,6,Low
CUST101157,30.81931818181818,66.7,4,Low
CUST101158,32.129696969696965,74.04,2,Low
CUST101159,32.5825,76.79,1,Low
CUST101160,34.82242424242425,74.58,3,Low
CUST101161,34.57,68.66,3,Low
CUST101162,40.54157894736842,86.44,6,Medium
CUST101163,29.743142857142857,76.52,2,Low
CUST101164,28.224054054054054,61.4,1,Low
CUST101165,29.94285714285714,74.32,6,Low
CUST101166,30.04,73.53,2,Low
CUST101167,33.70068965517242,71.64,1,Low
CUST101168,30.173783783783787,73.53,1,Low
CUST101169,32.14485714285714,70.55,3,Low
CUST101170,29.454186046511627,71.74,5,Low
CUST101171,28.294523809523806,62.44,1,Low
CUST101172,26.039743589743587,64.78,2,Low
CUST101173,39.146981132075474,79.66,7,Medium
CUST101174,31.308611111111116,73.65,5,Low
CUST101175,29.316756756756757,69.65,4,Low
CUST101176,31.90756097560976,82.25,2,Low
CUST101177,28.40212765957447,68.67,1,Low
CUST101178,25.459714285714288,53.01,0,Low
CUST101179,32.52153846153846,77.76,3,Low
CUST101180,32.26105263157895,68.67,3,Low
CUST101181,34.12733333333333,80.15,5,Low
CUST101182,33.48974358974359,87.24,4,Low
CUST101183,28.06594594594595,71.07,4,Low
CUST101184,29.73,70.88,3,Low
CUST101185,32.227,79.19,1,Low
CUST101186,32.02605263157895,76.06,1,Low
CUST101187,43.52185185185185,75.05,3,Medium
CUST101188,31.184500000000003,62.6,3,Low
CUST101189,35.77820512820512,84.8,3,Medium
CUST101190,28.16466666666667,65.03,1,Low
CUST101191,28.62452380952381,71.1,2,Low
CUST101192,35.58825,72.73,5,Medium
CUST101193,40.36509803921568,79.51,6,Medium
CUST101194,34.18,66.85,2,Low
CUST101195,32.481702127659574,74.18,2,Low
CUST101196,36.804545454545455,78.18,4,Medium
CUST101197,27.404062500000002,78.74,1,Low
CUST101198,30.572666666666667,76.31,3,Low
CUST101199,29.163,73.92,3,Low
CUST101200,27.61933333333333,70.07,1,Low
CUST101201,35.30595238095238,80.24,4,Medium
CUST101202,36.192195121951215,74.25,4,Medium
CUST101203,27.72277777777778,63.96,2,Low
CUST101204,31.637777777777778,73.69,5,Low
CUST101205,35.20980769230769,77.41,7,Medium
CUST101206,30.91,82.47,3,Low
CUST101207,28.330434782608698,72.73,2,Low
CUST101208,29.197954545454547,69.57,3,Low
CUST101209,32.28595238095238,67.84,3,Low
CUST101210,35.315,75.58,7,Medium
CUST101211,31.672745098039215,67.67,5,Low
CUST101212,38.65212121212121,80.7,4,Medium
CUST101213,28.616785714285715,77.95,2,Low
CUST101214,26.81377777777778,65.68,2,Low
CUST101215,34.03297297297297,77.05,4,Low
CUST101216,37.734102564102564,79.03,5,Medium
CUST101217,31.645208333333333,74.04,3,Low
CUST101218,28.670666666666666,68.81,8,Low
CUST101219,28.83119047619048,75.23,3,Low
CUST101220,38.39433333333333,68.85,3,Medium
CUST101221,34.284418604651165,78.0,4,Low
CUST101222,32.07372881355932,70.64,4,Low
CUST101223,29.49122807017544,72.75,4,Low
CUST101224,32.4878947368421,78.81,5,Low
CUST101225,30.2253125,67.75,1,Low
CUST101226,28.1006976744186,75.26,2,Low
CUST101227,32.68377358490566,81.15,3,Low
CUST101228,36.685428571428574,74.14,3,Medium
CUST101229,29.049268292682925,71.93,2,Low
CUST101230,35.634594594594596,76.81,3,Medium
CUST101231,32.71404255319149,73.65,6,Low
CUST101232,31.758461538461535,71.11,3,Low
CUST101233,33.22959183673469,90.09,3,Low
CUST101234,33.083939393939396,59.45,0,Low
CUST101235,29.150000000000002,86.04,2,Low
CUST101236,29.632368421052632,61.27,2,Low
CUST101237,28.99416666666667,75.15,3,Low
CUST101238,30.37263157894737,72.37,2,Low
CUST101239,33.84171428571429,73.0,4,Low
CUST101240,34.63795454545454,79.45,8,Low
CUST101241,34.69486486486487,71.96,2,Low
CUST101242,34.418965517241375,74.59,3,Low
CUST101243,31.271162790697677,67.7,4,Low
CUST101244,30.877555555555556,71.29,7,Low
CUST101245,39.13805555555555,72.11,5,Medium
CUST101246,33.55705882352942,59.51,0,Low
CUST101247,28.097250000000003,67.34,4,Low
CUST101248,30.81688888888889,60.55,1,Low
CUST101249,36.27816326530613,75.37,6,Medium
CUST101250,26.698809523809523,71.12,2,Low
CUST101251,37.54113636363636,72.53,7,Medium
CUST101252,28.244444444444444,77.53,3,Low
CUST101253,39.869749999999996,71.08,8,Medium
CUST101254,36.87724137931035,71.21,3,Medium
CUST101255,32.368048780487804,72.54,4,Low
CUST101256,29.807234042553194,66.51,3,Low
CUST101257,27.238095238095237,79.36,2,Low
CUST101258,28.33088888888889,71.53,1,Low
CUST101259,36.1106,78.12,2,Medium
CUST101260,35.66564102564103,78.27,5,Medium
CUST101261,33.298125,80.55,6,Low
CUST101262,35.156486486486486,78.29,3,Medium
CUST101263,29.777317073170728,72.81,3,Low
CUST101264,35.941818181818185,76.56,5,Medium
CUST101265,38.73432432432433,83.56,2,Medium
CUST101266,33.70837837837838,67.58,3,Low
CUST101267,39.97277777777778,81.55,3,Medium
CUST101268,35.329743589743586,82.21,3,Medium
CUST101269,30.52166666666667,75.11,5,Low
CUST101270,34.315416666666664,69.75,1,Low
CUST101271,26.772068965517242,68.62,1,Low
CUST101272,32.241351351351355,73.93,2,Low
CUST101273,31.0,75.62,2,Low
CUST101274,32.48862068965517,69.54,3,Low
CUST101275,30.173095238095236,72.69,5,Low
CUST101276,32.869038461538466,76.03,5,Low
CUST101277,27.833076923076923,71.32,2,Low
CUST101278,33.11870967741935,75.33,3,Low
CUST101279,28.813333333333333,70.21,1,Low
CUST101280,31.416666666666668,79.21,5,Low
CUST101281,32.10641025641026,73.7,4,Low
CUST101282,28.56340425531915,68.02,3,Low
CUST101283,29.3485,71.11,3,Low
CUST101284,27.015862068965518,61.81,1,Low
CUST101285,30.756521739130434,69.91,5,Low
CUST101286,28.778536585365856,79.66,4,Low
CUST101287,28.65844444444445,62.59,2,Low
CUST101288,33.02314285714286,62.41,3,Low
CUST101289,25.874545454545455,70.0,2,Low
CUST101290,34.685675675675675,77.95,2,Low
CUST101291,32.96,81.69,4,Low
CUST101292,33.04684210526316,69.15,1,Low
CUST101293,30.215833333333332,65.57,2,Low
CUST101294,29.914499999999997,76.95,4,Low
CUST101295,33.75590909090909,70.14,3,Low
CUST101296,29.83,71.08,3,Low
CUST101297,29.084791666666664,75.62,4,Low
CUST101298,37.1841935483871,69.87,3,Medium
CUST101299,36.416666666666664,74.91,5,Medium
CUST101300,30.72738095238095,78.28,5,Low
CUST101301,29.752857142857145,81.23,1,Low
CUST101302,31.450454545454544,71.53,4,Low
CUST101303,36.246764705882356,72.67,7,Medium
CUST101304,32.24131578947369,75.37,2,Low
CUST101305,30.9590625,58.93,0,Low
CUST101306,34.64942857142857,74.59,5,Low
CUST101307,30.227142857142855,65.33,4,Low
CUST101308,33.84340909090909,75.37,4,Low
CUST101309,36.247368421052634,77.66,4,Medium
CUST101310,31.10736842105263,61.2,2,Low
CUST101311,31.68722222222222,71.89,1,Low
CUST101312,31.597966101694915,71.97,5,Low
CUST101313,30.839444444444446,73.01,3,Low
CUST101314,29.641951219512194,77.97,3,Low
CUST101315,36.593939393939394,63.18,1,Medium
CUST101316,27.711379310344828,68.46,1,Low
CUST101317,31.307659574468087,70.98,5,Low
CUST101318,36.54405405405406,72.06,5,Medium
CUST101319,29.45923076923077,70.96,4,Low
CUST101320,40.310322580645156,76.21,3,Medium
CUST101321,34.920196078431374,76.35,5,Low
CUST101322,33.03810810810811,68.02,3,Low
CUST101323,37.871515151515155,74.34,2,Medium
CUST101324,27.61040816326531,72.87,1,Low
CUST101325,29.63022222222222,69.17,3,Low
CUST101326,33.52722222222222,71.59,3,Low
CUST101327,32.255227272727275,66.38,4,Low
CUST101328,28.83241379310345,76.17,1,Low
CUST101329,31.668285714285716,76.89,2,Low
CUST101330,30.339354838709678,73.17,1,Low
CUST101331,35.1248717948718,79.73,4,Medium
CUST101332,33.86270833333334,79.53,3,Low
CUST101333,45.75909090909091,79.23,8,Medium
CUST101334,43.46064516129032,82.09,3,Medium
CUST101335,27.464848484848485,71.64,2,Low
CUST101336,37.58760869565217,73.16,5,Medium
CUST101337,32.476875,80.08,1,Low
CUST101338,39.20039215686275,75.68,8,Medium
CUST101339,30.069761904761908,71.19,4,Low
CUST101340,27.058536585365857,58.25,0,Low
CUST101341,29.211860465116278,69.7,2,Low
CUST101342,33.699374999999996,74.77,1,Low
CUST101343,27.167916666666667,70.2,2,Low
CUST101344,44.48,80.83,4,Medium
CUST101345,34.465,78.41,3,Low
CUST101346,30.823076923076922,74.77,4,Low
CUST101347,32.41925925925926,71.06,3,Low
CUST101348,39.91170731707317,78.75,5,Medium
CUST101349,26.16375,61.87,1,Low
CUST101350,35.30682926829268,72.99,5,Medium
CUST101351,36.63780487804878,72.11,5,Medium
CUST101352,27.392,69.52,3,Low
CUST101353,30.14,64.78,1,Low
CUST101354,30.85782608695652,80.63,2,Low
CUST101355,29.331458333333334,74.34,4,Low
CUST101356,31.64837837837838,70.89,4,Low
CUST101357,31.25972222222222,76.88,1,Low
CUST101358,41.0892,64.52,2,Medium
CUST101359,33.86815789473684,76.64,2,Low
CUST101360,26.650638297872337,77.75,3,Low
CUST101361,34.16076923076923,71.25,4,Low
CUST101362,31.671315789473685,68.57,3,Low
CUST101363,28.443404255319148,71.16,2,Low
CUST101364,34.25659090909091,74.32,3,Low
CUST101365,28.3046875,77.33,3,Low
CUST101366,35.256551724137935,74.78,4,Medium
CUST101367,34.27,81.51,2,Low
CUST101368,27.915106382978724,67.6,1,Low
CUST101369,34.22108108108108,75.94,3,Low
CUST101370,31.934358974358975,73.82,3,Low
CUST101371,29.624782608695654,56.98,0,Low
CUST101372,31.949,74.56,2,Low
CUST101373,31.272291666666664,68.93,3,Low
CUST101374,39.115161290322575,72.22,2,Medium
CUST101375,32.47921052631579,71.68,3,Low
CUST101376,40.169333333333334,82.59,6,Medium
CUST101377,31.41235294117647,72.56,3,Low
CUST101378,29.82911111111111,71.88,4,Low
CUST101379,27.736923076923077,72.58,1,Low
CUST101380,31.622631578947363,71.33,5,Low
CUST101381,30.500208333333333,70.96,3,Low
CUST101382,32.69222222222223,63.17,1,Low
CUST101383,42.20916666666667,80.59,5,Medium
CUST101384,43.93380952380952,82.23,4,Medium
CUST101385,30.223461538461535,73.98,4,Low
CUST101386,29.950270270270273,72.42,4,Low
CUST101387,36.96065217391305,73.24,5,Medium
CUST101388,26.159791666666667,92.23,2,Low
CUST101389,35.068108108108106,79.23,3,Medium
CUST101390,29.844722222222224,81.34,2,Low
CUST101391,32.315581395348836,75.26,2,Low
CUST101392,31.423000000000002,70.36,2,Low
CUST101393,28.735384615384618,75.99,1,Low
CUST101394,31.9725,72.93,5,Low
CUST101395,33.1008,69.7,2,Low
CUST101396,37.60302325581395,72.66,5,Medium
CUST101397,29.9090625,69.45,1,Low
CUST101398,36.60194444444445,70.9,4,Medium
CUST101399,28.10795918367347,77.46,3,Low
CUST101400,32.35675675675676,65.33,2,Low
CUST101401,32.53153846153846,70.7,2,Low
CUST101402,43.15157894736842,85.38,3,Medium
CUST101403,32.04516129032258,75.88,2,Low
CUST101404,33.937659574468086,82.22,4,Low
CUST101405,28.45357142857143,62.52,1,Low
CUST101406,47.190975609756094,82.81,7,Medium
CUST101407,40.92277777777778,85.88,6,Medium
CUST101408,31.81783783783784,76.29,6,Low
CUST101409,29.698392857142856,70.32,5,Low
CUST101410,29.787941176470586,79.32,3,Low
CUST101411,43.490625,75.91,4,Medium
CUST101412,29.89513513513513,71.34,3,Low
CUST101413,31.038723404255318,85.78,3,Low
CUST101414,43.0403125,76.66,6,Medium
CUST101415,31.587142857142858,75.81,1,Low
CUST101416,29.87734693877551,73.48,4,Low
CUST101417,34.415,74.32,3,Low
CUST101418,39.059767441860465,76.03,5,Medium
CUST101419,47.237647058823526,86.23,8,Medium
CUST101420,35.18485714285714,79.71,2,Medium
CUST101421,32.870714285714286,74.68,3,Low
CUST101422,29.945,77.58,2,Low
CUST101423,27.667428571428573,72.95,1,Low
CUST101424,32.75521739130435,75.74,5,Low
CUST101425,36.07204545454545,70.98,5,Medium
CUST101426,25.779772727272725,65.68,1,Low
CUST101427,31.363863636363636,75.73,1,Low
CUST101428,29.793142857142858,57.32,0,Low
CUST101429,31.748857142857144,82.53,2,Low
CUST101430,32.2672972972973,52.39,0,Low
CUST101431,40.55341463414634,87.57,6,Medium
CUST101432,31.28916666666667,67.3,3,Low
CUST101433,28.10085714285714,75.97,2,Low
CUST101434,27.614727272727272,76.14,3,Low
CUST101435,45.525151515151514,79.08,5,Medium
CUST101436,27.678478260869564,68.67,3,Low
CUST101437,35.15119047619047,72.89,2,Medium
CUST101438,32.612978723404254,71.32,5,Low
CUST101439,49.41677419354839,84.38,8,Medium
CUST101440,31.274358974358975,69.46,3,Low
CUST101441,29.43891891891892,73.32,1,Low
CUST101442,37.28511627906977,89.74,3,Medium
CUST101443,36.28977272727273,80.03,4,Medium
CUST101444,29.842195121951217,78.52,2,Low
CUST101445,34.31941176470588,71.73,6,Low
CUST101446,37.83276595744681,76.36,4,Medium
CUST101447,27.89636363636364,68.77,3,Low
CUST101448,31.33085714285714,74.73,2,Low
CUST101449,29.64090909090909,69.19,3,Low
CUST101450,31.39682926829268,73.32,1,Low
CUST101451,33.71171428571429,64.0,2,Low
CUST101452,30.03846153846154,63.23,2,Low
CUST101453,30.553870967741933,74.08,2,Low
CUST101454,26.228055555555557,74.38,1,Low
CUST101455,35.5415625,74.53,2,Medium
CUST101456,25.824545454545454,69.31,1,Low
CUST101457,32.18806451612903,73.31,2,Low
CUST101458,27.60698113207547,66.73,2,Low
CUST101459,31.426938775510205,77.16,4,Low
CUST101460,31.427249999999997,77.71,3,Low
CUST101461,37.312619047619044,75.82,3,Medium
CUST101462,29.07191489361702,71.96,3,Low
CUST101463,30.8125,74.91,3,Low
CUST101464,32.40064516129032,73.81,2,Low
CUST101465,33.59638888888889,79.79,2,Low
CUST101466,36.43,79.88,3,Medium
CUST101467,33.20304347826087,74.95,4,Low
CUST101468,28.613863636363636,75.91,3,Low
CUST101469,32.01146341463415,78.42,4,Low
CUST101470,28.577674418604648,73.4,3,Low
CUST101471,33.05069767441861,82.05,4,Low
CUST101472,26.474687499999998,61.08,1,Low
CUST101473,34.35634146341463,78.42,4,Low
CUST101474,28.835250000000002,61.92,1,Low
CUST101475,30.66913043478261,74.41,2,Low
CUST101476,41.80583333333333,81.52,7,Medium
CUST101477,36.4126,80.35,5,Medium
CUST101478,32.09032258064516,63.17,1,Low
CUST101479,29.085333333333335,51.42,0,Low
CUST101480,33.26416666666667,76.84,4,Low
CUST101481,33.631025641025644,78.54,6,Low
CUST101482,33.91075,72.05,4,Low
CUST101483,25.50888888888889,70.44,2,Low
CUST101484,33.44133333333333,73.17,3,Low
CUST101485,28.07393939393939,67.62,1,Low
CUST101486,40.80106382978724,78.81,8,Medium
CUST101487,34.33297297297297,73.33,3,Low
CUST101488,31.92702127659574,67.17,3,Low
CUST101489,33.564054054054054,85.47,3,Low
CUST101490,32.287708333333335,72.7,6,Low
CUST101491,34.458,80.82,3,Low
CUST101492,28.54216216216216,67.75,2,Low
CUST101493,30.411702127659574,85.29,5,Low
CUST101494,34.09862068965517,79.53,1,Low
CUST101495,30.500625,71.48,2,Low
CUST101496,36.286511627906975,73.47,3,Medium
CUST101497,32.37914285714286,75.84,3,Low
CUST101498,39.61625,74.94,5,Medium
CUST101499,30.629743589743587,72.17,3,Low
CUST101500,30.522045454545456,76.91,2,Low
CUST101501,38.18948717948718,72.81,2,Medium
CUST101502,29.833658536585368,80.39,5,Low
CUST101503,31.298857142857145,79.58,3,Low
CUST101504,27.70060606060606,70.87,2,Low
CUST101505,34.683617021276596,83.04,4,Low
CUST101506,36.05945945945946,74.17,3,Medium
CUST101507,29.321315789473687,79.86,3,Low
CUST101508,36.82782608695652,81.06,4,Medium
CUST101509,28.20157894736842,79.1,1,Low
CUST101510,32.642,75.48,2,Low
CUST101511,28.247954545454547,79.85,2,Low
CUST101512,30.954468085106384,85.21,2,Low
CUST101513,36.765142857142855,69.89,5,Medium
CUST101514,35.77235294117647,74.28,3,Medium
CUST101515,30.197499999999998,66.77,2,Low
CUST101516,32.019069767441856,71.79,3,Low
CUST101517,51.025000000000006,84.53,9,Medium
CUST101518,31.673777777777776,70.64,2,Low
CUST101519,35.81028571428571,77.93,4,Medium
CUST101520,32.608108108108105,76.69,4,Low
CUST101521,29.85589743589744,73.41,2,Low
CUST101522,24.89,68.03,2,Low
CUST101523,36.20314285714286,72.47,4,Medium
CUST101524,29.444468085106386,70.84,2,Low
CUST101525,32.13268292682927,75.88,3,Low
CUST101526,31.918461538461536,76.22,5,Low
CUST101527,30.377777777777776,75.68,2,Low
CUST101528,34.49078431372549,71.33,6,Low
CUST101529,30.0090243902439,67.93,4,Low
CUST101530,31.438947368421054,74.8,1,Low
CUST101531,30.359565217391303,71.74,2,Low
CUST101532,31.051458333333333,73.39,4,Low
CUST101533,33.329791666666665,72.4,7,Low
CUST101534,35.925,72.18,6,Medium
CUST101535,30.594242424242424,71.45,3,Low
CUST101536,34.86448979591837,73.8,5,Low
CUST101537,31.445555555555554,75.67,2,Low
CUST101538,34.02567567567568,75.09,4,Low
CUST101539,28.35525,69.26,3,Low
CUST101540,28.592105263157894,77.24,2,Low
CUST101541,33.54060606060606,68.52,2,Low
CUST101542,33.19447368421053,75.54,3,Low
CUST101543,29.839090909090906,73.99,1,Low
CUST101544,35.98921052631579,73.58,6,Medium
CUST101545,30.235116279069764,74.01,5,Low
CUST101546,32.00720930232558,71.8,5,Low
CUST101547,30.140249999999998,74.77,3,Low
CUST101548,29.612368421052633,76.43,3,Low
CUST101549,33.461463414634146,69.33,5,Low
CUST101550,29.442307692307693,71.77,4,Low
CUST101551,32.43363636363636,76.35,2,Low
CUST101552,34.34657142857143,74.48,4,Low
CUST101553,27.20875,66.48,1,Low
CUST101554,30.516229508196723,75.9,1,Low
CUST101555,29.838125,70.98,2,Low
CUST101556,34.803823529411765,70.18,3,Low
CUST101557,29.81257142857143,68.67,3,Low
CUST101558,31.541190476190476,78.14,3,Low
CUST101559,34.938095238095244,72.22,5,Low
CUST101560,42.24913043478261,88.15,6,Medium
CUST101561,31.860243902439024,67.88,5,Low
CUST101562,35.81536585365854,76.27,5,Medium
CUST101563,31.736666666666668,63.21,2,Low
CUST101564,36.27130434782609,81.43,2,Medium
CUST101565,33.715,76.82,3,Low
CUST101566,35.68,71.75,5,Medium
CUST101567,35.59372093023256,79.45,5,Medium
CUST101568,29.568,73.37,2,Low
CUST101569,38.68131578947368,78.72,6,Medium
CUST101570,28.964901960784314,70.39,4,Low
CUST101571,31.571578947368423,65.9,1,Low
CUST101572,29.334761904761905,72.69,3,Low
CUST101573,27.868723404255316,73.1,4,Low
CUST101574,38.13513513513514,71.38,4,Medium
CUST101575,36.93255319148936,79.6,5,Medium
CUST101576,30.843714285714285,71.42,3,Low
CUST101577,33.78608695652174,68.5,5,Low
CUST101578,42.51,83.3,4,Medium
CUST101579,32.73444444444445,78.22,3,Low
CUST101580,38.324571428571424,78.73,6,Medium
CUST101581,34.73166666666666,74.23,5,Low
CUST101582,31.819210526315793,71.15,2,Low
CUST101583,29.591666666666665,74.28,3,Low
CUST101584,33.13130434782609,67.72,5,Low
CUST101585,30.137209302325584,76.08,3,Low
CUST101586,38.79666666666667,78.69,3,Medium
CUST101587,33.08295454545455,84.64,1,Low
CUST101588,26.551599999999997,77.02,2,Low
CUST101589,32.30891891891892,72.84,3,Low
CUST101590,33.265151515151516,73.07,1,Low
CUST101591,30.831111111111113,72.81,3,Low
CUST101592,39.7469696969697,78.82,5,Medium
CUST101593,32.05921052631579,77.65,2,Low
CUST101594,30.955641025641025,67.69,2,Low
CUST101595,34.05,75.88,1,Low
CUST101596,27.63170731707317,68.44,2,Low
CUST101597,28.322916666666668,55.96,0,Low
CUST101598,28.8031914893617,72.32,2,Low
CUST101599,25.622666666666667,69.59,3,Low
CUST101600,37.7053488372093,75.91,3,Medium
CUST101601,32.68741935483871,66.23,2,Low
CUST101602,31.056470588235296,72.39,4,Low
CUST101603,38.171190476190475,70.12,4,Medium
CUST101604,31.673750000000002,68.05,5,Low
CUST101605,34.10390243902439,73.03,3,Low
CUST101606,41.21448275862069,79.89,5,Medium
CUST101607,30.28217391304348,68.53,5,Low
CUST101608,33.76709677419355,74.51,1,Low
CUST101609,38.431333333333335,77.92,5,Medium
CUST101610,35.01857142857143,73.8,3,Medium
CUST101611,29.21,80.89,1,Low
CUST101612,31.592894736842105,70.67,2,Low
CUST101613,41.04933333333334,89.21,3,Medium
CUST101614,28.395,72.37,4,Low
CUST101615,33.932162162162165,73.85,7,Low
CUST101616,33.52961538461538,76.81,5,Low
CUST101617,29.13,74.1,1,Low
CUST101618,47.87451612903225,78.76,8,Medium
CUST101619,31.612380952380953,77.92,4,Low
CUST101620,28.418857142857142,72.53,3,Low
CUST101621,29.11653846153846,68.31,5,Low
CUST101622,27.36076923076923,71.56,3,Low
CUST101623,33.23972972972973,74.47,3,Low
CUST101624,28.449444444444445,73.2,3,Low
CUST101625,30.2275,70.41,1,Low
CUST101626,36.04483870967742,73.87,2,Medium
CUST101627,29.076153846153847,69.28,2,Low
CUST101628,31.53666666666667,76.73,3,Low
CUST101629,35.3014705882353,72.75,5,Medium
CUST101630,31.3121052631579,78.91,3,Low
CUST101631,29.463658536585367,64.35,1,Low
CUST101632,30.899375,77.46,2,Low
CUST101633,44.651199999999996,92.9,10,Medium
CUST101634,42.156875,81.61,8,Medium
CUST101635,28.4274358974359,67.98,1,Low
CUST101636,33.69133333333333,60.1,1,Low
CUST101637,30.035227272727273,77.11,2,Low
CUST101638,27.812105263157893,71.34,3,Low
CUST101639,31.39,67.05,4,Low
CUST101640,33.93615384615384,75.35,3,Low
CUST101641,27.5336,69.08,5,Low
CUST101642,30.904210526315786,71.06,3,Low
CUST101643,37.40777777777778,81.05,4,Medium
CUST101644,37.14,76.78,5,Medium
CUST101645,32.967555555555556,72.89,2,Low
CUST101646,26.897142857142857,73.48,2,Low
CUST101647,30.403333333333332,76.85,2,Low
CUST101648,29.401463414634147,76.27,2,Low
CUST101649,27.937857142857144,53.37,0,Low
CUST101650,27.483947368421056,74.08,3,Low
CUST101651,31.577291666666667,74.98,4,Low
CUST101652,27.761071428571427,60.38,1,Low
CUST101653,29.095499999999998,80.35,2,Low
CUST101654,28.72265306122449,69.98,5,Low
CUST101655,40.8941935483871,79.39,4,Medium
CUST101656,32.23615384615385,68.95,2,Low
CUST101657,25.017843137254903,72.12,3,Low
CUST101658,35.68555555555556,74.6,5,Medium
CUST101659,30.785,75.34,1,Low
CUST101660,30.192777777777778,67.65,1,Low
CUST101661,26.435,58.77,0,Low
CUST101662,35.012692307692305,74.33,4,Medium
CUST101663,33.75818181818182,77.68,5,Low
CUST101664,30.52179487179487,72.15,2,Low
CUST101665,25.070526315789472,55.34,0,Low
CUST101666,27.006511627906978,63.28,2,Low
CUST101667,28.509545454545457,63.46,1,Low
CUST101668,32.2319512195122,64.92,1,Low
CUST101669,27.69128205128205,75.36,1,Low
CUST101670,27.947058823529414,74.59,3,Low
CUST101671,29.345897435897434,74.71,3,Low
CUST101672,29.081666666666663,74.55,4,Low
CUST101673,34.76828571428572,76.72,2,Low
CUST101674,30.395384615384618,76.15,2,Low
CUST101675,33.10288461538461,78.66,3,Low
CUST101676,31.121714285714287,69.55,1,Low
CUST101677,29.547959183673466,71.71,1,Low
CUST101678,27.09780487804878,73.05,2,Low
CUST101679,32.80368421052631,78.39,4,Low
CUST101680,32.430625,57.39,0,Low
CUST101681,36.38193548387097,76.75,5,Medium
CUST101682,28.706279069767444,67.51,5,Low
CUST101683,41.5030303030303,91.38,4,Medium
CUST101684,41.39392857142857,76.0,5,Medium
CUST101685,30.429999999999996,72.44,3,Low
CUST101686,27.10674418604651,57.73,0,Low
CUST101687,37.54515151515152,77.71,4,Medium
CUST101688,33.604772727272724,72.14,4,Low
CUST101689,32.96702702702703,66.63,4,Low
CUST101690,31.574848484848484,72.01,5,Low
CUST101691,29.92275,64.2,3,Low
CUST101692,32.92575,74.27,4,Low
CUST101693,34.913428571428575,73.34,3,Low
CUST101694,28.23257142857143,75.79,2,Low
CUST101695,34.15976190476191,74.0,4,Low
CUST101696,33.30229166666667,68.13,4,Low
CUST101697,40.844883720930234,77.0,8,Medium
CUST101698,45.12088888888889,84.7,5,Medium
CUST101699,35.61681818181818,76.56,5,Medium
CUST101700,32.980000000000004,77.52,1,Low
CUST101701,41.68561403508772,79.17,6,Medium
CUST101702,37.37882352941177,77.45,4,Medium
CUST101703,42.61318181818182,83.89,6,Medium
CUST101704,36.79838709677419,74.63,3,Medium
CUST101705,41.29243902439024,81.73,6,Medium
CUST101706,36.025652173913045,73.2,4,Medium
CUST101707,29.11111111111111,79.2,4,Low
CUST101708,35.95,75.57,4,Medium
CUST101709,34.776923076923076,74.92,2,Low
CUST101710,31.674857142857146,76.61,3,Low
CUST101711,29.06277777777778,76.01,2,Low
CUST101712,43.61076923076923,81.68,4,Medium
CUST101713,42.56321428571429,75.9,5,Medium
CUST101714,32.707,75.42,1,Low
CUST101715,30.582941176470587,81.71,3,Low
CUST101716,32.237878787878785,76.4,2,Low
CUST101717,35.465135135135135,78.8,4,Medium
CUST101718,31.061621621621622,72.21,3,Low
CUST101719,29.978235294117646,74.82,2,Low
CUST101720,34.074285714285715,78.25,4,Low
CUST101721,29.86135135135135,82.92,1,Low
CUST101722,32.922105263157896,71.72,4,Low
CUST101723,31.385555555555552,76.31,3,Low
CUST101724,30.72241379310345,57.08,0,Low
CUST101725,37.52833333333333,73.25,4,Medium
CUST101726,33.82135135135135,73.48,3,Low
CUST101727,37.653,80.7,4,Medium
CUST101728,30.147222222222222,74.66,2,Low
CUST101729,28.82078947368421,77.8,2,Low
CUST101730,33.84119047619048,70.82,4,Low
CUST101731,27.956428571428575,73.12,2,Low
CUST101732,25.378064516129033,70.9,1,Low
CUST101733,29.264857142857142,67.95,3,Low
CUST101734,28.010434782608694,76.59,1,Low
CUST101735,25.6074358974359,65.48,1,Low
CUST101736,36.078717948717944,75.4,3,Medium
CUST101737,38.05555555555556,80.19,4,Medium
CUST101738,31.654500000000002,71.73,3,Low
CUST101739,31.563243243243242,73.21,3,Low
CUST101740,32.79365853658536,69.21,1,Low
CUST101741,29.753783783783785,59.42,0,Low
CUST101742,27.99275,77.49,2,Low
CUST101743,45.93068181818182,86.12,8,Medium
CUST101744,33.30285714285714,78.92,4,Low
CUST101745,33.60138888888889,79.07,4,Low
CUST101746,32.623333333333335,71.7,1,Low
CUST101747,27.20525,77.89,1,Low
CUST101748,29.85595744680851,75.08,3,Low
CUST101749,36.5728125,75.7,4,Medium
CUST101750,31.751666666666665,78.57,1,Low
CUST101751,37.59023809523809,76.67,6,Medium
CUST101752,33.476875,60.04,1,Low
CUST101753,35.230333333333334,77.51,2,Medium
CUST101754,36.02085106382979,79.2,3,Medium
CUST101755,30.144186046511628,83.39,2,Low
CUST101756,34.478095238095236,68.3,2,Low
CUST101757,40.06257142857143,74.9,3,Medium
CUST101758,31.54531914893617,71.7,4,Low
CUST101759,32.105777777777774,73.75,3,Low
CUST101760,33.9840625,76.15,3,Low
CUST101761,31.799210526315786,70.84,4,Low
CUST101762,32.928387096774195,89.53,3,Low
CUST101763,34.60441176470588,74.03,6,Low
CUST101764,35.38681818181818,68.87,5,Medium
CUST101765,33.377741935483876,66.98,4,Low
CUST101766,43.786944444444444,82.47,4,Medium
CUST101767,30.573,74.56,2,Low
CUST101768,31.189142857142855,77.15,1,Low
CUST101769,33.97162790697674,83.95,4,Low
CUST101770,33.926875,69.83,3,Low
CUST101771,28.155897435897433,74.04,1,Low
CUST101772,31.281935483870967,73.92,2,Low
CUST101773,29.238780487804878,59.31,0,Low
CUST101774,32.178275862068965,80.98,1,Low
CUST101775,29.798113207547168,80.86,2,Low
CUST101776,31.851020408163265,71.33,3,Low
CUST101777,27.75,77.71,1,Low
CUST101778,30.229555555555553,70.38,4,Low
CUST101779,28.584782608695654,77.03,1,Low
CUST101780,36.20538461538462,77.34,5,Medium
CUST101781,33.1252,74.2,2,Low
CUST101782,29.157916666666665,52.87,0,Low
CUST101783,29.677999999999997,69.45,4,Low
CUST101784,31.5478125,77.32,2,Low
CUST101785,30.975365853658538,77.99,3,Low
CUST101786,33.54966666666667,67.96,3,Low
CUST101787,39.958536585365856,95.69,7,Medium
CUST101788,34.85673913043478,75.11,5,Low
CUST101789,33.05413793103448,75.84,1,Low
CUST101790,34.18906976744186,74.36,3,Low
CUST101791,31.59169811320755,71.37,2,Low
CUST101792,28.251875,71.54,1,Low
CUST101793,31.542653061224488,77.6,4,Low
CUST101794,38.26972222222222,75.48,7,Medium
CUST101795,27.16046511627907,85.26,1,Low
CUST101796,32.26136363636363,79.16,2,Low
CUST101797,32.13108108108108,72.13,4,Low
CUST101798,33.779777777777774,72.48,6,Low
CUST101799,24.790192307692305,73.69,3,Low
CUST101800,37.31111111111111,73.86,6,Medium
CUST101801,34.72325,80.69,4,Low
CUST101802,34.58568181818182,71.99,6,Low
CUST101803,31.508484848484848,73.08,1,Low
CUST101804,29.931333333333335,78.2,3,Low
CUST101805,27.85457142857143,74.81,1,Low
CUST101806,30.53314285714286,71.11,2,Low
CUST101807,29.463214285714287,80.93,1,Low
CUST101808,33.74170731707317,71.48,3,Low
CUST101809,33.36234042553191,76.26,7,Low
CUST101810,29.619565217391305,72.64,3,Low
CUST101811,31.519782608695653,72.83,4,Low
CUST101812,28.973333333333333,76.45,3,Low
CUST101813,27.506216216216217,56.57,0,Low
CUST101814,34.18725,73.87,4,Low
CUST101815,30.812,66.12,1,Low
CUST101816,36.8575,75.34,4,Medium
CUST101817,31.00358974358974,71.73,4,Low
CUST101818,31.60390243902439,71.58,5,Low
CUST101819,30.985098039215686,69.67,2,Low
CUST101820,32.78705882352941,88.32,4,Low
CUST101821,27.614615384615384,74.54,3,Low
CUST101822,29.364905660377357,72.47,4,Low
CUST101823,31.84468085106383,73.19,3,Low
CUST101824,26.814146341463417,72.48,3,Low
CUST101825,32.49552631578947,66.75,2,Low
CUST101826,36.35190476190476,73.72,6,Medium
CUST101827,31.03186046511628,74.83,3,Low
CUST101828,30.42586956521739,73.37,5,Low
CUST101829,29.111666666666668,71.65,2,Low
CUST101830,25.157105263157895,64.68,2,Low
CUST101831,37.92041666666667,79.81,4,Medium
CUST101832,29.123846153846152,74.64,3,Low
CUST101833,36.31411764705882,70.35,2,Medium
CUST101834,34.378,68.73,7,Low
CUST101835,35.72833333333333,74.48,2,Medium
CUST101836,28.133076923076924,65.6,2,Low
CUST101837,34.41764705882353,69.56,4,Low
CUST101838,41.6703125,68.6,1,Medium
CUST101839,36.30828571428572,82.09,6,Medium
CUST101840,30.387674418604654,73.95,2,Low
CUST101841,29.22753846153846,73.95,4,Low
CUST101842,30.216444444444445,82.29,2,Low
CUST101843,36.27695652173913,75.66,6,Medium
CUST101844,36.48891891891892,77.14,4,Medium
CUST101845,34.15833333333333,67.23,5,Low
CUST101846,31.50416666666667,72.34,2,Low
CUST101847,33.69239130434782,71.69,3,Low
CUST101848,33.35473684210526,73.27,3,Low
CUST101849,35.52275,77.22,4,Medium
CUST101850,30.089756097560976,76.8,3,Low
CUST101851,32.27875,63.31,2,Low
CUST101852,37.29631578947368,81.72,4,Medium
CUST101853,33.10333333333334,71.95,2,Low
CUST101854,27.35361111111111,73.28,1,Low
CUST101855,37.85428571428571,74.26,3,Medium
CUST101856,28.44925,69.21,1,Low
CUST101857,37.093225806451606,75.06,3,Medium
CUST101858,40.605714285714285,81.36,3,Medium
CUST101859,31.5234375,71.3,2,Low
CUST101860,28.716041666666666,77.22,3,Low
CUST101861,39.46131578947368,74.45,7,Medium
CUST101862,45.553877551020406,83.12,7,Medium
CUST101863,30.96863636363636,65.89,4,Low
CUST101864,28.934565217391306,68.96,3,Low
CUST101865,33.688048780487804,74.81,3,Low
CUST101866,27.977073170731707,75.85,2,Low
CUST101867,30.9684375,69.68,2,Low
CUST101868,33.54,72.98,4,Low
CUST101869,32.11588235294117,67.38,4,Low
CUST101870,31.185294117647057,68.75,4,Low
CUST101871,34.64697674418605,82.19,5,Low
CUST101872,43.823095238095235,76.08,7,Medium
CUST101873,37.168800000000005,66.52,1,Medium
CUST101874,32.32,77.67,2,Low
CUST101875,31.51690476190476,80.13,2,Low
CUST101876,27.966,70.26,5,Low
CUST101877,33.5865625,73.64,3,Low
CUST101878,34.9230303030303,73.49,3,Low
CUST101879,29.56309523809524,72.44,2,Low
CUST101880,30.70860465116279,79.36,3,Low
CUST101881,33.62068965517241,71.62,5,Low
CUST101882,41.92166666666667,76.12,8,Medium
CUST101883,27.76638888888889,55.73,0,Low
CUST101884,31.10736842105263,74.49,2,Low
CUST101885,31.67923076923077,64.74,4,Low
CUST101886,35.400999999999996,84.13,4,Medium
CUST101887,33.41461538461538,68.6,2,Low
CUST101888,35.487631578947365,79.66,4,Medium
CUST101889,26.880930232558143,76.46,1,Low
CUST101890,32.326499999999996,74.95,4,Low
CUST101891,27.317500000000003,75.24,2,Low
CUST101892,35.85081081081081,73.69,5,Medium
CUST101893,33.74342857142857,72.83,5,Low
CUST101894,33.45258064516129,76.08,3,Low
CUST101895,39.7541935483871,74.09,8,Medium
CUST101896,31.929523809523808,82.36,2,Low
CUST101897,34.56261904761905,80.47,2,Low
CUST101898,36.751999999999995,75.96,4,Medium
CUST101899,33.83347826086956,74.26,2,Low
CUST101900,33.33658536585366,72.05,3,Low
CUST101901,35.670731707317074,89.45,4,Medium
CUST101902,31.360425531914895,58.71,0,Low
CUST101903,35.98558139534884,81.71,3,Medium
CUST101904,31.607307692307693,73.16,4,Low
CUST101905,28.819782608695654,76.14,2,Low
CUST101906,32.31794871794872,74.72,5,Low
CUST101907,31.626216216216218,70.02,2,Low
CUST101908,35.11046511627907,74.81,4,Medium
CUST101909,35.41307692307693,69.78,4,Medium
CUST101910,34.751296296296296,70.94,5,Low
CUST101911,36.40655172413793,75.59,2,Medium
CUST101912,27.97734693877551,66.31,2,Low
CUST101913,28.72184210526316,64.01,1,Low
CUST101914,31.734285714285715,82.66,4,Low
CUST101915,32.461282051282055,60.75,1,Low
CUST101916,34.18,75.0,6,Low
CUST101917,34.96394736842105,71.19,5,Low
CUST101918,34.4182,72.73,7,Low
CUST101919,41.29190476190476,71.95,9,Medium
CUST101920,39.389210526315786,73.21,5,Medium
CUST101921,36.29878787878788,81.52,3,Medium
CUST101922,26.06488888888889,74.69,2,Low
CUST101923,35.030227272727274,67.33,3,Medium
CUST101924,29.38113636363636,75.41,4,Low
CUST101925,33.66377777777778,82.25,3,Low
CUST101926,30.783157894736842,69.88,1,Low
CUST101927,35.201499999999996,72.92,3,Medium
CUST101928,30.24974358974359,67.27,3,Low
CUST101929,31.65416666666667,76.66,6,Low
CUST101930,28.752826086956524,70.44,2,Low
CUST101931,33.52875,75.76,2,Low
CUST101932,32.09410256410256,75.0,4,Low
CUST101933,32.906176470588235,84.39,1,Low
CUST101934,31.71511627906977,75.12,6,Low
CUST101935,30.946923076923078,72.56,3,Low
CUST101936,26.56658536585366,47.63,0,Low
CUST101937,34.64685714285714,76.74,2,Low
CUST101938,29.697906976744186,71.74,4,Low
CUST101939,38.739375,70.68,4,Medium
CUST101940,32.03476190476191,79.22,2,Low
CUST101941,36.29256410256411,77.55,6,Medium
CUST101942,33.5736170212766,69.49,5,Low
CUST101943,29.675106382978722,73.35,3,Low
CUST101944,33.52454545454545,71.1,7,Low
CUST101945,31.1935,80.65,3,Low
CUST101946,30.047291666666666,82.72,2,Low
CUST101947,34.230000000000004,67.91,7,Low
CUST101948,31.337352941176473,70.67,3,Low
CUST101949,32.26,73.82,2,Low
CUST101950,30.906041666666667,72.73,2,Low
CUST101951,29.872954545454547,72.87,3,Low
CUST101952,34.245,70.66,4,Low
CUST101953,39.99767441860465,76.75,4,Medium
CUST101954,26.527317073170728,70.61,2,Low
CUST101955,46.045641025641025,84.34,6,Medium
CUST101956,29.45674418604651,73.6,5,Low
CUST101957,28.70875,45.87,0,Low
CUST101958,36.18527777777778,73.66,2,Medium
CUST101959,33.76826086956522,73.2,2,Low
CUST101960,32.50357142857143,68.98,2,Low
CUST101961,33.677441860465116,70.25,3,Low
CUST101962,33.26782608695652,72.69,5,Low
CUST101963,32.71828571428572,74.41,3,Low
CUST101964,25.63222222222222,68.62,1,Low
CUST101965,31.102127659574467,67.05,6,Low
CUST101966,31.339811320754716,78.1,5,Low
CUST101967,36.46621621621622,80.73,3,Medium
CUST101968,32.380645161290325,77.14,4,Low
CUST101969,31.13026315789474,73.74,4,Low
CUST101970,31.781666666666666,74.2,2,Low
CUST101971,35.60545454545455,66.46,3,Medium
CUST101972,28.336923076923078,70.29,2,Low
CUST101973,29.312558139534886,66.89,2,Low
CUST101974,36.47789473684211,70.47,3,Medium
CUST101975,33.355625,77.53,2,Low
CUST101976,31.10911111111111,76.32,2,Low
CUST101977,32.52431818181818,76.38,3,Low
CUST101978,28.083571428571428,77.07,2,Low
CUST101979,30.185333333333332,73.0,5,Low
CUST101980,29.644523809523808,75.17,2,Low
CUST101981,27.30355555555556,81.14,3,Low
CUST101982,35.978863636363634,69.53,5,Medium
CUST101983,41.410000000000004,76.11,6,Medium
CUST101984,31.963404255319148,71.68,3,Low
CUST101985,27.671944444444442,75.44,2,Low
CUST101986,30.218378378378375,71.83,3,Low
CUST101987,33.45028571428571,68.61,2,Low
CUST101988,35.100625,77.56,3,Medium
CUST101989,31.08184210526316,72.56,5,Low
CUST101990,36.557735849056606,75.79,4,Medium
CUST101991,34.66605263157894,77.47,3,Low
CUST101992,32.86,75.17,1,Low
CUST101993,28.581142857142858,74.33,2,Low
CUST101994,26.952307692307688,69.14,2,Low
CUST101995,25.131951219512196,57.2,0,Low
CUST101996,30.363030303030303,68.95,3,Low
CUST101997,25.416304347826088,70.2,2,Low
CUST101998,35.96666666666667,75.37,4,Medium
CUST101999,27.526585365853656,71.39,2,Low
CUST102000,27.62454545454545,70.61,3,Low
CUST102001,32.82454545454545,76.77,2,Low
CUST102002,43.70395833333333,79.48,6,Medium
CUST102003,29.12622641509434,75.36,2,Low
CUST102004,36.42952380952381,77.04,5,Medium
CUST102005,35.81333333333333,71.9,4,Medium
CUST102006,34.16710526315789,70.37,5,Low
CUST102007,30.652105263157893,76.41,1,Low
CUST102008,31.12125,82.9,3,Low
CUST102009,36.943714285714286,70.56,4,Medium
CUST102010,29.235227272727272,78.42,2,Low
CUST102011,33.914255319148936,83.3,3,Low
CUST102012,26.128823529411765,70.5,2,Low
CUST102013,26.826444444444444,59.08,0,Low
CUST102014,33.65456521739131,73.7,6,Low
CUST102015,30.795,79.64,1,Low
CUST102016,29.066875,71.53,1,Low
CUST102017,30.394883720930235,68.25,3,Low
CUST102018,31.39454545454545,66.45,1,Low
CUST102019,33.17205882352941,66.07,2,Low
CUST102020,41.70078947368421,78.95,6,Medium
CUST102021,33.3538775510204,72.7,6,Low
CUST102022,26.242244897959186,66.1,2,Low
CUST102023,32.645,62.49,1,Low
CUST102024,36.21594594594595,73.32,3,Medium
CUST102025,33.66947368421053,70.05,8,Low
CUST102026,33.23119047619048,69.78,3,Low
CUST102027,36.6790243902439,82.48,5,Medium
CUST102028,31.991555555555554,72.06,3,Low
CUST102029,30.825636363636367,76.66,6,Low
CUST102030,30.85375,80.54,3,Low
CUST102031,34.39175,79.48,5,Low
CUST102032,30.6802,70.01,4,Low
CUST102033,31.84642857142857,73.93,4,Low
CUST102034,38.986176470588234,83.29,4,Medium
CUST102035,33.15268292682927,73.44,5,Low
CUST102036,29.829354838709676,73.63,2,Low
CUST102037,31.55764705882353,61.93,1,Low
CUST102038,33.644594594594594,81.78,2,Low
CUST102039,30.786944444444444,75.52,2,Low
CUST102040,38.53205882352941,87.6,6,Medium
CUST102041,33.18948717948717,78.0,5,Low
CUST102042,30.65522727272727,79.9,5,Low
CUST102043,29.877450980392158,76.47,3,Low
CUST102044,39.35283018867924,81.35,7,Medium
CUST102045,30.9,75.8,2,Low
CUST102046,34.92711111111111,74.74,5,Low
CUST102047,29.766521739130436,74.83,4,Low
CUST102048,27.710238095238093,78.95,1,Low
CUST102049,35.65846153846154,61.59,1,Medium
CUST102050,35.118181818181824,78.09,2,Medium
CUST102051,33.91901960784313,80.77,3,Low
CUST102052,32.44878048780488,78.27,4,Low
CUST102053,34.71388888888889,73.97,7,Low
CUST102054,30.189666666666664,57.67,0,Low
CUST102055,31.447906976744186,72.41,4,Low
CUST102056,41.61914285714286,78.83,3,Medium
CUST102057,34.8378125,70.25,1,Low
CUST102058,32.63173913043478,74.28,4,Low
CUST102059,37.1694,72.47,6,Medium
CUST102060,33.201794871794874,76.72,3,Low
CUST102061,29.82638888888889,69.19,2,Low
CUST102062,27.312444444444445,72.92,5,Low
CUST102063,32.767391304347825,69.78,3,Low
CUST102064,31.352888888888888,71.08,2,Low
CUST102065,33.74638888888889,72.32,3,Low
CUST102066,39.148,73.89,4,Medium
CUST102067,43.123333333333335,75.37,4,Medium
CUST102068,33.51289473684211,73.25,1,Low
CUST102069,33.72408163265306,73.05,8,Low
CUST102070,28.209714285714288,58.87,0,Low
CUST102071,30.74042553191489,75.0,4,Low
CUST102072,35.861162790697676,77.47,2,Medium
CUST102073,35.12945945945946,75.11,4,Medium
CUST102074,30.15813953488372,71.55,3,Low
CUST102075,33.20297872340426,72.07,6,Low
CUST102076,40.397441860465115,86.53,5,Medium
CUST102077,29.434871794871796,71.59,4,Low
CUST102078,37.49564102564102,78.6,4,Medium
CUST102079,39.43538461538461,89.14,8,Medium
CUST102080,28.437659574468082,72.11,5,Low
CUST102081,35.4228947368421,75.07,3,Medium
CUST102082,37.7465625,80.98,6,Medium
CUST102083,30.803260869565218,74.44,2,Low
CUST102084,30.902702702702705,78.77,2,Low
CUST102085,38.987857142857145,73.51,3,Medium
CUST102086,28.516153846153845,63.76,1,Low
CUST102087,32.92458333333333,73.08,6,Low
CUST102088,28.485952380952384,72.08,1,Low
CUST102089,34.48909090909091,80.95,4,Low
CUST102090,36.315625,73.99,2,Medium
CUST102091,31.014047619047616,72.54,4,Low
CUST102092,37.6725,75.77,1,Medium
CUST102093,31.777631578947368,78.6,3,Low
CUST102094,36.63428571428571,78.97,6,Medium
CUST102095,28.45,71.02,4,Low
CUST102096,42.9278125,78.46,6,Medium
CUST102097,30.41388888888889,72.77,4,Low
CUST102098,28.79596153846154,77.04,3,Low
CUST102099,31.392647058823528,72.14,3,Low
CUST102100,32.52302325581395,75.79,4,Low
CUST102101,27.127169811320755,72.67,3,Low
CUST102102,33.74159090909091,73.06,3,Low
CUST102103,30.93361111111111,75.18,2,Low
CUST102104,32.577358490566034,76.05,4,Low
CUST102105,38.95754716981132,77.27,8,Medium
CUST102106,33.245714285714286,85.88,3,Low
CUST102107,40.6646875,78.18,3,Medium
CUST102108,32.296,74.94,2,Low
CUST102109,31.798809523809524,76.96,3,Low
CUST102110,36.95727272727273,88.64,3,Medium
CUST102111,40.824888888888886,81.84,5,Medium
CUST102112,26.494883720930233,71.85,1,Low
CUST102113,26.60735294117647,74.15,1,Low
CUST102114,35.00969696969697,70.54,3,Medium
CUST102115,27.20108695652174,73.91,3,Low
CUST102116,26.253076923076925,72.75,2,Low
CUST102117,32.15282608695652,72.11,2,Low
CUST102118,29.636578947368424,74.32,2,Low
CUST102119,28.252,65.01,1,Low
CUST102120,31.417878787878788,77.87,2,Low
CUST102121,32.177346938775514,67.36,1,Low
CUST102122,30.984444444444446,73.09,3,Low
CUST102123,33.5453125,71.48,3,Low
CUST102124,34.934375,74.43,4,Low
CUST102125,34.50371428571429,69.8,4,Low
CUST102126,33.99261904761905,78.41,3,Low
CUST102127,33.478780487804876,85.82,2,Low
CUST102128,28.69020408163265,72.95,2,Low
CUST102129,32.631960784313726,77.14,5,Low
CUST102130,32.239767441860465,65.08,2,Low
CUST102131,32.272368421052626,76.6,2,Low
CUST102132,43.67826086956522,79.15,7,Medium
CUST102133,35.292857142857144,85.61,3,Medium
CUST102134,25.842051282051283,73.71,2,Low
CUST102135,36.050975609756094,76.87,4,Medium
CUST102136,24.461904761904766,75.5,2,Low
CUST102137,34.93955555555556,73.77,9,Low
CUST102138,33.16121951219512,72.22,3,Low
CUST102139,23.075740740740738,74.83,1,Low
CUST102140,34.24617647058823,78.1,4,Low
CUST102141,27.984594594594597,62.93,2,Low
CUST102142,31.766153846153845,71.38,3,Low
CUST102143,28.621764705882352,73.89,1,Low
CUST102144,35.152499999999996,69.39,4,Medium
CUST102145,29.686578947368417,65.31,2,Low
CUST102146,35.3055,75.48,6,Medium
CUST102147,46.0805,86.11,3,Medium
CUST102148,31.969375,72.63,6,Low
CUST102149,30.398666666666667,73.14,4,Low
CUST102150,31.36404255319149,65.99,4,Low
CUST102151,32.79942857142857,77.7,1,Low
CUST102152,25.043225806451613,81.69,1,Low
CUST102153,37.33487804878049,78.93,5,Medium
CUST102154,34.926,82.71,6,Low
CUST102155,35.06275,72.67,4,Medium
CUST102156,26.197499999999998,42.35,0,Low
CUST102157,34.36073170731707,70.03,5,Low
CUST102158,32.340937499999995,71.58,2,Low
CUST102159,35.98882352941176,65.24,3,Medium
CUST102160,28.9575,71.36,3,Low
CUST102161,27.75706896551724,71.49,3,Low
CUST102162,32.528888888888886,75.69,5,Low
CUST102163,28.4326,74.19,3,Low
CUST102164,29.2590243902439,70.11,2,Low
CUST102165,35.77527777777778,72.37,2,Medium
CUST102166,35.42268292682927,78.83,5,Medium
CUST102167,34.00454545454546,74.74,4,Low
CUST102168,35.266666666666666,73.8,6,Medium
CUST102169,33.96472222222222,70.39,6,Low
CUST102170,31.695102040816327,73.33,3,Low
CUST102171,30.65511627906977,76.77,2,Low
CUST102172,35.90019607843137,75.28,5,Medium
CUST102173,30.85205882352941,68.68,2,Low
CUST102174,30.70325581395349,71.28,3,Low
CUST102175,31.644523809523808,74.08,4,Low
CUST102176,32.03333333333333,67.59,5,Low
CUST102177,32.13974358974359,76.85,5,Low
CUST102178,30.909767441860467,73.36,3,Low
CUST102179,41.89378378378378,84.03,4,Medium
CUST102180,28.595000000000002,69.59,3,Low
CUST102181,37.37384615384615,61.98,2,Medium
CUST102182,31.493809523809524,66.85,2,Low
CUST102183,30.276190476190475,70.89,3,Low
CUST102184,34.55516129032258,74.77,3,Low
CUST102185,33.11195121951219,76.72,4,Low
CUST102186,31.757272727272728,68.28,3,Low
CUST102187,30.45104166666667,79.72,5,Low
CUST102188,38.878750000000004,77.25,3,Medium
CUST102189,30.862105263157893,65.85,1,Low
CUST102190,33.93341463414634,76.69,4,Low
CUST102191,30.653488372093022,75.62,4,Low
CUST102192,24.323636363636364,61.75,1,Low
CUST102193,35.775999999999996,73.67,1,Medium
CUST102194,26.63137254901961,71.88,3,Low
CUST102195,32.472972972972975,74.14,3,Low
CUST102196,39.2858064516129,69.24,3,Medium
CUST102197,33.75811320754717,83.36,2,Low
CUST102198,33.13547619047619,71.24,3,Low
CUST102199,28.839189189189188,73.37,1,Low
CUST102200,31.35392156862745,81.34,2,Low
CUST102201,33.01285714285714,76.95,3,Low
CUST102202,34.72060606060606,70.08,3,Low
CUST102203,32.88789473684211,71.77,2,Low
CUST102204,32.54404255319149,71.4,3,Low
CUST102205,31.433749999999996,67.84,2,Low
CUST102206,29.4275,71.19,4,Low
CUST102207,36.55186046511628,77.62,5,Medium
CUST102208,43.57923076923077,85.96,8,Medium
CUST102209,36.64152173913043,71.39,5,Medium
CUST102210,38.85394736842105,79.7,4,Medium
CUST102211,36.526944444444446,84.27,3,Medium
CUST102212,33.27136363636364,73.95,5,Low
CUST102213,30.415526315789474,67.6,4,Low
CUST102214,33.16695652173913,82.07,3,Low
CUST102215,34.321875,71.4,6,Low
CUST102216,35.34463414634146,75.67,5,Medium
CUST102217,28.3065,70.05,2,Low
CUST102218,27.931458333333335,79.54,2,Low
CUST102219,30.271499999999996,70.1,3,Low
CUST102220,25.963749999999997,55.09,0,Low
CUST102221,33.334,72.74,5,Low
CUST102222,35.57138888888889,77.45,4,Medium
CUST102223,36.67630434782609,72.79,7,Medium
CUST102224,32.1588,69.64,3,Low
CUST102225,35.31055555555556,75.98,3,Medium
CUST102226,43.25772727272727,79.22,3,Medium
CUST102227,30.200925925925926,70.1,3,Low
CUST102228,34.370588235294115,76.3,3,Low
CUST102229,33.579459459459464,66.04,6,Low
CUST102230,30.23658536585366,68.76,2,Low
CUST102231,35.26619047619048,75.78,4,Medium
CUST102232,33.413030303030304,73.4,3,Low
CUST102233,37.68631578947368,76.49,3,Medium
CUST102234,36.11485714285714,77.7,2,Medium
CUST102235,33.07,70.73,5,Low
CUST102236,27.927073170731706,66.68,3,Low
CUST102237,31.83,77.07,4,Low
CUST102238,31.105625,74.28,3,Low
CUST102239,33.38368421052631,77.48,4,Low
CUST102240,32.99777777777778,77.26,2,Low
CUST102241,27.704473684210527,77.91,3,Low
CUST102242,33.07341463414634,72.56,2,Low
CUST102243,28.780714285714286,73.99,2,Low
CUST102244,27.728,68.13,2,Low
CUST102245,35.810526315789474,68.5,3,Medium
CUST102246,37.21454545454545,78.31,5,Medium
CUST102247,34.98045454545454,77.24,3,Low
CUST102248,33.576097560975604,69.66,4,Low
CUST102249,29.21723404255319,64.63,1,Low
CUST102250,24.78478260869565,64.64,2,Low
CUST102251,37.22807692307692,76.18,4,Medium
CUST102252,30.344615384615388,60.9,1,Low
CUST102253,31.920606060606065,71.85,2,Low
CUST102254,39.875306122448976,80.16,5,Medium
CUST102255,33.059444444444445,71.73,3,Low
CUST102256,33.38125,74.04,4,Low
CUST102257,33.943783783783786,70.34,5,Low
CUST102258,33.38454545454545,71.03,4,Low
CUST102259,29.604222222222223,69.9,3,Low
CUST102260,32.8871875,69.17,3,Low
CUST102261,38.09729166666667,73.1,6,Medium
CUST102262,32.52885714285714,77.17,3,Low
CUST102263,30.388510638297873,74.76,3,Low
CUST102264,34.49081632653061,78.42,6,Low
CUST102265,35.412553191489366,72.66,6,Medium
CUST102266,30.511428571428574,80.55,2,Low
CUST102267,32.725806451612904,66.32,2,Low
CUST102268,32.618,75.26,4,Low
CUST102269,33.69658536585366,83.04,3,Low
CUST102270,33.13369565217391,84.89,4,Low
CUST102271,35.88611111111111,81.57,2,Medium
CUST102272,34.81166666666667,72.08,2,Low
CUST102273,33.465555555555554,78.37,3,Low
CUST102274,35.88529411764706,74.48,4,Medium
CUST102275,38.51428571428572,79.7,4,Medium
CUST102276,37.53964285714285,71.84,3,Medium
CUST102277,30.74808510638298,69.21,3,Low
CUST102278,30.06547619047619,75.62,3,Low
CUST102279,32.91411764705882,85.09,2,Low
CUST102280,38.67609756097561,84.26,6,Medium
CUST102281,31.32058823529412,74.57,1,Low
CUST102282,31.981951219512194,72.77,2,Low
CUST102283,31.386304347826087,74.91,1,Low
CUST102284,29.949411764705882,70.02,4,Low
CUST102285,32.11096774193548,77.36,2,Low
CUST102286,30.357105263157894,71.97,3,Low
CUST102287,31.347142857142856,72.17,3,Low
CUST102288,36.36459459459459,84.54,4,Medium
CUST102289,31.174210526315786,73.08,5,Low
CUST102290,39.586285714285715,82.29,3,Medium
CUST102291,30.062666666666665,71.14,4,Low
CUST102292,31.592162162162165,71.38,4,Low
CUST102293,31.6955,76.81,3,Low
CUST102294,31.102439024390247,73.23,2,Low
CUST102295,32.16295454545455,66.61,7,Low
CUST102296,35.6025,78.67,3,Medium
CUST102297,29.230212765957447,69.41,6,Low
CUST102298,35.98774193548387,81.38,2,Medium
CUST102299,31.362340425531915,70.87,3,Low
CUST102300,26.71166666666667,64.47,1,Low
CUST102301,35.54391304347826,70.02,4,Medium
CUST102302,34.0225,74.91,4,Low
CUST102303,31.710869565217394,74.25,4,Low
CUST102304,31.84263157894737,67.56,3,Low
CUST102305,31.93225,77.52,3,Low
CUST102306,29.565416666666668,74.19,1,Low
CUST102307,29.673000000000002,70.42,3,Low
CUST102308,31.372553191489363,80.13,2,Low
CUST102309,28.87375,72.25,2,Low
CUST102310,42.767714285714284,81.19,3,Medium
CUST102311,30.487368421052633,75.1,2,Low
CUST102312,27.499565217391304,78.76,2,Low
CUST102313,24.691764705882353,50.86,0,Low
CUST102314,31.64714285714286,73.71,4,Low
CUST102315,28.829705882352943,80.39,2,Low
CUST102316,33.38738095238095,76.76,3,Low
CUST102317,28.46291666666667,79.36,2,Low
CUST102318,26.8568,69.61,3,Low
CUST102319,29.059696969696972,74.7,2,Low
CUST102320,28.72340425531915,66.56,4,Low
CUST102321,32.89575,75.01,3,Low
CUST102322,34.20711111111111,80.28,4,Low
CUST102323,28.147241379310344,47.89,0,Low
CUST102324,37.54588235294118,77.8,4,Medium
CUST102325,45.02969696969697,83.6,4,Medium
CUST102326,28.504871794871796,72.71,2,Low
CUST102327,30.156129032258065,68.62,4,Low
CUST102328,28.407500000000002,78.4,3,Low
CUST102329,35.99361111111111,73.24,3,Medium
CUST102330,36.18727272727273,67.85,2,Medium
CUST102331,32.196170212765956,80.02,3,Low
CUST102332,35.31441860465116,72.25,6,Medium
CUST102333,34.223846153846154,70.63,2,Low
CUST102334,39.26913043478261,86.24,7,Medium
CUST102335,28.809111111111115,71.3,2,Low
CUST102336,34.11658536585366,71.36,3,Low
CUST102337,32.26808510638298,75.87,3,Low
CUST102338,24.52,76.58,2,Low
CUST102339,34.56767441860465,73.2,2,Low
CUST102340,29.56468085106383,69.85,5,Low
CUST102341,31.898666666666667,78.98,5,Low
CUST102342,35.46690476190476,79.29,3,Medium
CUST102343,29.131923076923076,72.07,3,Low
CUST102344,31.90787878787879,74.51,5,Low
CUST102345,35.665217391304346,71.25,3,Medium
CUST102346,26.94177777777778,71.65,2,Low
CUST102347,31.360000000000003,76.99,1,Low
CUST102348,27.76255813953488,76.41,1,Low
CUST102349,31.995833333333334,78.38,3,Low
CUST102350,34.93121212121212,77.48,3,Low
CUST102351,31.660833333333333,72.9,5,Low
CUST102352,30.518,72.06,2,Low
CUST102353,36.25642857142857,77.09,5,Medium
CUST102354,31.94395348837209,80.45,4,Low
CUST102355,27.36609756097561,60.99,1,Low
CUST102356,31.133846153846154,68.99,5,Low
CUST102357,32.6821875,55.66,0,Low
CUST102358,43.9197619047619,84.96,4,Medium
CUST102359,29.684878048780487,72.66,3,Low
CUST102360,25.786315789473683,68.28,2,Low
CUST102361,28.3125,58.2,0,Low
CUST102362,26.716041666666666,67.59,3,Low
CUST102363,29.534285714285716,70.68,2,Low
CUST102364,34.00894736842105,69.9,3,Low
CUST102365,28.082285714285714,73.33,2,Low
CUST102366,31.140588235294118,72.94,3,Low
CUST102367,32.18763157894737,77.11,1,Low
CUST102368,31.3208,76.67,4,Low
CUST102369,26.90142857142857,70.21,2,Low
CUST102370,28.50547619047619,70.83,3,Low
CUST102371,28.868372093023254,68.01,3,Low
CUST102372,27.49818181818182,69.49,3,Low
CUST102373,27.344390243902442,59.28,0,Low
CUST102374,36.939230769230775,69.9,5,Medium
CUST102375,27.673783783783783,64.81,2,Low
CUST102376,30.39962962962963,72.74,1,Low
CUST102377,35.31377777777778,79.05,4,Medium
CUST102378,36.73658536585366,77.27,2,Medium
CUST102379,28.976363636363637,76.66,5,Low
CUST102380,28.91333333333333,75.88,3,Low
CUST102381,31.997317073170734,69.75,4,Low
CUST102382,29.685588235294116,69.97,3,Low
CUST102383,32.45897435897436,72.81,5,Low
CUST102384,25.35810810810811,63.63,1,Low
CUST102385,41.650769230769235,85.37,5,Medium
CUST102386,43.68176470588236,83.39,5,Medium
CUST102387,32.420249999999996,73.12,4,Low
CUST102388,33.37673913043478,77.07,2,Low
CUST102389,33.82545454545455,73.67,3,Low
CUST102390,33.63326086956522,77.29,4,Low
CUST102391,32.244,74.45,2,Low
CUST102392,26.61216216216216,66.61,2,Low
CUST102393,27.991750000000003,81.12,1,Low
CUST102394,33.64232558139535,83.89,3,Low
CUST102395,41.52833333333333,79.61,6,Medium
CUST102396,26.282972972972974,60.96,1,Low
CUST102397,29.16268292682927,71.29,2,Low
CUST102398,31.128695652173914,75.0,5,Low
CUST102399,30.546444444444443,67.72,4,Low
CUST102400,28.805238095238092,69.76,5,Low
CUST102401,29.65583333333333,75.13,2,Low
CUST102402,32.6456,76.68,2,Low
CUST102403,28.56918918918919,71.23,2,Low
CUST102404,29.746,69.5,7,Low
CUST102405,30.207435897435897,72.39,2,Low
CUST102406,26.186521739130434,73.94,3,Low
CUST102407,29.55666666666667,71.52,3,Low
CUST102408,30.970181818181818,73.41,2,Low
CUST102409,34.38970588235294,75.86,4,Low
CUST102410,37.631020408163266,88.87,4,Medium
CUST102411,39.8365306122449,78.93,4,Medium
CUST102412,31.916969696969698,83.14,2,Low
CUST102413,36.712500000000006,79.01,6,Medium
CUST102414,26.51925,68.98,2,Low
CUST102415,29.680227272727276,68.27,2,Low
CUST102416,30.870243902439025,67.57,2,Low
CUST102417,36.72241379310345,77.05,4,Medium
CUST102418,32.280789473684216,68.47,2,Low
CUST102419,31.02368421052632,70.13,4,Low
CUST102420,31.724883720930233,64.44,3,Low
CUST102421,35.4895652173913,77.84,6,Medium
CUST102422,29.601025641025643,70.96,3,Low
CUST102423,36.10825,78.78,2,Medium
CUST102424,32.90414634146342,83.46,5,Low
CUST102425,33.239000000000004,74.48,6,Low
CUST102426,31.796097560975607,74.64,3,Low
CUST102427,31.83109090909091,72.42,5,Low
CUST102428,32.27979166666667,71.45,3,Low
CUST102429,27.09448275862069,60.2,1,Low
CUST102430,32.208333333333336,71.54,4,Low
CUST102431,30.94257142857143,71.55,3,Low
CUST102432,27.52921568627451,71.67,2,Low
CUST102433,34.395,67.53,3,Low
CUST102434,27.638333333333335,62.64,2,Low
CUST102435,40.525897435897434,80.88,3,Medium
CUST102436,28.009545454545457,64.37,3,Low
CUST102437,30.61340909090909,76.96,4,Low
CUST102438,32.65129032258065,68.33,4,Low
CUST102439,31.169428571428572,72.06,2,Low
CUST102440,50.18541666666667,79.97,5,Medium
CUST102441,31.893947368421053,77.2,4,Low
CUST102442,26.745714285714286,75.11,3,Low
CUST102443,29.51628571428571,66.14,1,Low
CUST102444,28.614222222222224,75.49,1,Low
CUST102445,31.600833333333338,77.02,2,Low
CUST102446,29.745416666666667,68.2,5,Low
CUST102447,30.26191489361702,71.83,5,Low
CUST102448,32.68,71.65,3,Low
CUST102449,34.57545454545454,76.64,6,Low
CUST102450,28.970294117647057,73.17,1,Low
CUST102451,26.706,69.72,1,Low
CUST102452,28.440227272727274,66.34,2,Low
CUST102453,32.041333333333334,64.37,1,Low
CUST102454,30.304375,48.31,0,Low
CUST102455,36.60666666666666,77.35,1,Medium
CUST102456,31.202368421052633,70.86,3,Low
CUST102457,28.048750000000002,67.17,4,Low
CUST102458,38.03344827586207,73.25,3,Medium
CUST102459,36.46390243902439,75.8,4,Medium
CUST102460,31.851944444444445,76.56,3,Low
CUST102461,34.31,73.21,2,Low
CUST102462,35.457741935483874,70.99,2,Medium
CUST102463,33.6503125,67.14,3,Low
CUST102464,26.953030303030303,69.99,3,Low
CUST102465,31.67192307692308,82.15,2,Low
CUST102466,26.765135135135136,49.93,0,Low
CUST102467,32.65404761904762,74.44,4,Low
CUST102468,28.67717948717949,69.86,3,Low
CUST102469,35.42177777777778,78.14,3,Medium
CUST102470,31.233255813953487,71.5,3,Low
CUST102471,34.278,73.3,4,Low
CUST102472,27.364324324324325,73.48,1,Low
CUST102473,30.675813953488372,78.98,1,Low
CUST102474,33.619393939393944,70.11,3,Low
CUST102475,34.90214285714286,78.91,5,Low
CUST102476,28.39263157894737,76.29,1,Low
CUST102477,31.727931034482758,74.28,4,Low
CUST102478,30.97871794871795,67.53,3,Low
CUST102479,30.51625,70.87,1,Low
CUST102480,27.362916666666667,72.27,4,Low
CUST102481,31.464,69.38,4,Low
CUST102482,33.73897435897436,82.22,2,Low
CUST102483,32.79347826086956,66.57,2,Low
CUST102484,28.19282051282051,71.09,1,Low
CUST102485,31.10717391304348,70.23,3,Low
CUST102486,34.32909090909091,76.31,2,Low
CUST102487,28.305714285714284,72.94,3,Low
CUST102488,33.15325,72.83,4,Low
CUST102489,29.424999999999997,72.54,2,Low
CUST102490,49.70727272727272,89.74,6,Medium
CUST102491,28.026410256410255,74.26,1,Low
CUST102492,33.51918918918919,75.33,3,Low
CUST102493,34.88227272727273,75.61,7,Low
CUST102494,32.889047619047616,77.03,4,Low
CUST102495,27.199142857142856,71.57,1,Low
CUST102496,27.804285714285715,68.61,1,Low
CUST102497,33.08651162790698,81.55,1,Low
CUST102498,33.31325,72.14,5,Low
CUST102499,37.83608695652174,71.61,7,Medium
CUST102500,27.279999999999998,72.5,3,Low
CUST102501,35.83782608695652,76.32,5,Medium
CUST102502,33.69222222222223,75.52,3,Low
CUST102503,35.7748275862069,75.19,1,Medium
CUST102504,30.445,71.74,2,Low
CUST102505,32.708,67.78,1,Low
CUST102506,30.355294117647055,71.25,3,Low
CUST102507,28.75260869565217,74.57,1,Low
CUST102508,33.0471875,59.24,0,Low
CUST102509,30.72767441860465,69.22,3,Low
CUST102510,32.026041666666664,69.84,5,Low
CUST102511,33.45897435897436,66.52,3,Low
CUST102512,35.4304,74.07,7,Medium
CUST102513,33.28148936170213,78.66,3,Low
CUST102514,31.574615384615388,70.57,1,Low
CUST102515,32.66975,71.56,3,Low
CUST102516,31.8303125,67.26,2,Low
CUST102517,33.15102564102564,70.55,3,Low
CUST102518,34.92404761904762,74.08,3,Low
CUST102519,28.948484848484846,51.78,0,Low
CUST102520,33.26529411764706,78.99,2,Low
CUST102521,31.23717391304348,62.6,2,Low
CUST102522,32.007999999999996,67.93,3,Low
CUST102523,39.7253488372093,85.73,6,Medium
CUST102524,34.829722222222216,73.77,5,Low
CUST102525,25.694146341463416,76.54,2,Low
CUST102526,30.6009756097561,82.03,4,Low
CUST102527,31.62375,68.1,2,Low
CUST102528,32.81767441860465,71.82,6,Low
CUST102529,33.524594594594596,72.68,2,Low
CUST102530,29.416097560975608,76.95,2,Low
CUST102531,31.79326923076923,69.11,3,Low
CUST102532,29.127659574468087,64.4,3,Low
CUST102533,32.26173913043478,69.27,2,Low
CUST102534,35.52210526315789,66.97,1,Medium
CUST102535,30.673125,71.9,3,Low
CUST102536,30.950499999999998,68.88,3,Low
CUST102537,31.95609756097561,69.84,2,Low
CUST102538,32.03514285714286,78.17,2,Low
CUST102539,29.97864864864865,65.41,1,Low
CUST102540,31.968181818181815,69.67,3,Low
CUST102541,30.746086956521737,67.36,3,Low
CUST102542,30.102368421052635,60.18,1,Low
CUST102543,31.383958333333336,55.88,0,Low
CUST102544,27.053055555555556,70.15,1,Low
CUST102545,28.463529411764707,68.63,2,Low
CUST102546,42.647045454545456,84.47,8,Medium
CUST102547,26.975952380952382,58.13,0,Low
CUST102548,33.52,72.68,4,Low
CUST102549,31.04909090909091,75.41,3,Low
CUST102550,27.950652173913046,72.54,4,Low
CUST102551,29.097250000000003,63.92,3,Low
CUST102552,33.05230769230769,74.13,5,Low
CUST102553,23.8046,64.01,1,Low
CUST102554,33.72595238095238,75.07,3,Low
CUST102555,34.65133333333333,76.2,3,Low
CUST102556,28.31853658536585,66.76,1,Low
CUST102557,35.18060606060606,70.04,3,Medium
CUST102558,38.794736842105266,80.21,4,Medium
CUST102559,34.65975609756097,78.54,4,Low
CUST102560,33.85392857142857,75.6,2,Low
CUST102561,28.417878787878788,73.21,2,Low
CUST102562,30.31047619047619,77.42,2,Low
CUST102563,32.6428125,75.36,3,Low
CUST102564,32.95886363636364,74.13,7,Low
CUST102565,31.080322580645163,71.52,3,Low
CUST102566,35.80375,75.67,5,Medium
CUST102567,31.474166666666665,73.45,2,Low
CUST102568,36.803333333333335,76.95,5,Medium
CUST102569,36.644666666666666,70.41,1,Medium
CUST102570,34.53333333333333,79.08,3,Low
CUST102571,29.17975609756098,73.65,2,Low
CUST102572,37.4625,78.1,5,Medium
CUST102573,32.6425,75.84,2,Low
CUST102574,31.213181818181816,72.32,4,Low
CUST102575,33.79780487804878,70.53,6,Low
CUST102576,30.986129032258066,71.07,1,Low
CUST102577,30.245416666666667,83.07,2,Low
CUST102578,29.41783333333333,73.93,4,Low
CUST102579,35.72,66.79,1,Medium
CUST102580,31.175,76.05,5,Low
CUST102581,31.96404761904762,71.27,3,Low
CUST102582,31.988285714285713,75.9,3,Low
CUST102583,35.855106382978725,73.19,4,Medium
CUST102584,30.660681818181818,76.81,5,Low
CUST102585,30.47184210526316,75.7,4,Low
CUST102586,35.99125,79.13,3,Medium
CUST102587,34.277837837837836,72.09,5,Low
CUST102588,29.803589743589743,65.73,3,Low
CUST102589,33.84744186046512,73.57,3,Low
CUST102590,28.40046511627907,65.64,1,Low
CUST102591,31.906818181818178,71.7,6,Low
CUST102592,35.844897959183676,79.29,4,Medium
CUST102593,35.14083333333333,80.56,2,Medium
CUST102594,30.452051282051286,60.45,2,Low
CUST102595,32.81666666666667,73.58,2,Low
CUST102596,31.586491228070177,74.91,4,Low
CUST102597,32.90829268292683,79.64,3,Low
CUST102598,31.692500000000003,73.02,3,Low
CUST102599,31.95939393939394,50.43,0,Low
CUST102600,29.041666666666668,73.86,3,Low
CUST102601,33.118529411764705,71.83,3,Low
CUST102602,36.96488372093023,83.4,7,Medium
CUST102603,33.19659090909091,77.89,4,Low
CUST102604,39.981632653061226,84.2,6,Medium
CUST102605,34.36032258064516,71.92,3,Low
CUST102606,39.11857142857143,77.95,6,Medium
CUST102607,30.003684210526313,77.71,2,Low
CUST102608,29.851999999999997,74.45,3,Low
CUST102609,31.63921052631579,68.65,2,Low
CUST102610,34.703913043478266,74.72,5,Low
CUST102611,29.308541666666667,74.15,3,Low
CUST102612,29.847954545454545,64.25,3,Low
CUST102613,28.74810810810811,66.97,3,Low
CUST102614,27.768333333333334,72.52,3,Low
CUST102615,33.79451612903225,67.77,5,Low
CUST102616,34.9345,79.1,3,Low
CUST102617,34.55733333333333,79.05,4,Low
CUST102618,33.74114285714286,70.02,2,Low
CUST102619,32.14173913043478,70.4,6,Low
CUST102620,32.86857142857143,64.38,1,Low
CUST102621,42.58960784313726,80.77,7,Medium
CUST102622,35.141,75.57,4,Medium
CUST102623,29.908055555555556,79.52,2,Low
CUST102624,35.23428571428572,78.98,5,Medium
CUST102625,33.304186046511624,73.8,5,Low
CUST102626,35.7425,79.25,4,Medium
CUST102627,25.535263157894736,65.06,1,Low
CUST102628,25.819000000000003,69.95,2,Low
CUST102629,32.75516129032258,68.47,1,Low
CUST102630,35.49175,76.02,4,Medium
CUST102631,41.60566666666667,79.98,6,Medium
CUST102632,36.446486486486485,80.21,5,Medium
CUST102633,25.152199999999997,75.24,1,Low
CUST102634,35.72428571428571,77.23,4,Medium
CUST102635,29.413191489361704,76.86,2,Low
CUST102636,29.928,72.56,4,Low
CUST102637,27.360416666666666,77.21,4,Low
CUST102638,35.374782608695654,80.0,5,Medium
CUST102639,36.2264,78.75,6,Medium
CUST102640,30.05547619047619,72.18,2,Low
CUST102641,25.860416666666666,73.61,2,Low
CUST102642,31.847800000000003,73.52,4,Low
CUST102643,30.886451612903226,70.92,3,Low
CUST102644,32.45487179487179,58.45,0,Low
CUST102645,30.045217391304345,80.47,1,Low
CUST102646,29.948222222222224,75.9,4,Low
CUST102647,32.14133333333333,74.76,3,Low
CUST102648,30.028378378378378,70.84,2,Low
CUST102649,28.208709677419357,66.48,2,Low
CUST102650,42.60659090909091,84.0,3,Medium
CUST102651,38.786944444444444,72.01,6,Medium
CUST102652,31.076666666666664,63.9,1,Low
CUST102653,33.06066666666667,75.67,5,Low
CUST102654,31.034358974358973,71.74,4,Low
CUST102655,35.92605263157895,77.42,4,Medium
CUST102656,38.38027777777778,78.3,4,Medium
CUST102657,29.54,74.95,3,Low
CUST102658,34.363571428571426,72.73,4,Low
CUST102659,28.54076923076923,68.31,1,Low
CUST102660,26.172,57.65,0,Low
CUST102661,33.30512195121951,72.62,5,Low
CUST102662,29.18444444444445,71.05,2,Low
CUST102663,29.10333333333333,71.43,3,Low
CUST102664,32.75219512195122,79.22,3,Low
CUST102665,30.862903225806452,77.49,2,Low
CUST102666,30.4163829787234,56.88,0,Low
CUST102667,26.54525,74.51,3,Low
CUST102668,30.250555555555554,76.63,3,Low
CUST102669,32.32071428571429,68.76,2,Low
CUST102670,29.78205882352941,69.6,3,Low
CUST102671,33.22547619047619,78.54,3,Low
CUST102672,32.06411764705882,82.71,2,Low
CUST102673,30.67326086956522,72.79,2,Low
CUST102674,31.63448979591837,74.97,6,Low
CUST102675,32.165238095238095,70.79,3,Low
CUST102676,31.778809523809525,78.35,3,Low
CUST102677,28.819285714285716,71.18,3,Low
CUST102678,34.01978260869566,73.77,4,Low
CUST102679,29.14255813953488,80.25,2,Low
CUST102680,28.638157894736842,68.52,3,Low
CUST102681,31.153255813953486,69.86,2,Low
CUST102682,33.25,72.29,3,Low
CUST102683,34.556756756756755,72.97,1,Low
CUST102684,29.21658536585366,71.59,1,Low
CUST102685,30.77904761904762,72.98,4,Low
CUST102686,29.17391304347826,67.59,5,Low
CUST102687,24.572727272727274,65.0,2,Low
CUST102688,29.055957446808513,70.74,4,Low
CUST102689,28.122777777777777,65.68,1,Low
CUST102690,35.24076923076923,75.43,4,Medium
CUST102691,27.770294117647058,77.75,1,Low
CUST102692,28.268571428571427,59.81,0,Low
CUST102693,43.166785714285716,71.11,2,Medium
CUST102694,41.84731707317073,93.72,5,Medium
CUST102695,31.609999999999996,71.76,3,Low
CUST102696,27.98488372093023,70.1,3,Low
CUST102697,37.364074074074075,82.04,3,Medium
CUST102698,25.791190476190476,73.48,3,Low
CUST102699,41.06366666666667,88.41,2,Medium
CUST102700,27.35609756097561,78.31,3,Low
CUST102701,32.07342857142857,76.1,4,Low
CUST102702,39.44461538461538,85.94,6,Medium
CUST102703,28.5364,76.17,4,Low
CUST102704,27.222954545454545,55.62,0,Low
CUST102705,31.967441860465115,70.24,3,Low
CUST102706,31.530833333333334,69.47,6,Low
CUST102707,33.019999999999996,74.57,4,Low
CUST102708,37.058125,90.44,3,Medium
CUST102709,29.927954545454543,71.51,2,Low
CUST102710,37.43951219512195,84.07,5,Medium
CUST102711,29.432424242424243,69.1,2,Low
CUST102712,35.7821568627451,87.0,5,Medium
CUST102713,35.265476190476186,79.39,3,Medium
CUST102714,33.54857142857143,65.51,1,Low
CUST102715,34.31777777777778,73.24,2,Low
CUST102716,33.00025641025641,71.11,4,Low
CUST102717,44.817741935483866,79.66,5,Medium
CUST102718,38.0553488372093,83.89,7,Medium
CUST102719,27.03227272727273,71.11,2,Low
CUST102720,32.6318918918919,70.16,3,Low
CUST102721,33.528333333333336,69.36,4,Low
CUST102722,29.792307692307695,53.26,0,Low
CUST102723,37.11723404255319,83.22,3,Medium
CUST102724,29.5705,59.62,0,Low
CUST102725,30.707027027027028,69.65,1,Low
CUST102726,29.292051282051286,73.15,4,Low
CUST102727,29.746904761904766,68.87,3,Low
CUST102728,30.214629629629627,62.97,2,Low
CUST102729,30.105757575757575,75.81,2,Low
CUST102730,31.79081081081081,74.73,3,Low
CUST102731,28.190833333333334,67.85,2,Low
CUST102732,29.930882352941175,59.66,0,Low
CUST102733,33.711612903225806,76.73,3,Low
CUST102734,32.16577777777778,70.93,4,Low
CUST102735,30.670444444444446,71.44,4,Low
CUST102736,30.286,76.06,4,Low
CUST102737,32.63054054054054,75.2,4,Low
CUST102738,33.9185,70.3,3,Low
CUST102739,32.47081081081081,77.53,6,Low
CUST102740,30.615151515151513,66.29,1,Low
CUST102741,30.312826086956523,73.7,2,Low
CUST102742,33.67181818181818,69.91,3,Low
CUST102743,34.788947368421056,74.99,1,Low
CUST102744,32.2025,71.38,3,Low
CUST102745,31.28842105263158,74.05,3,Low
CUST102746,31.60483870967742,69.96,1,Low
CUST102747,38.55361111111111,77.61,4,Medium
CUST102748,27.423214285714288,73.47,1,Low
CUST102749,34.34620689655172,71.34,2,Low
CUST102750,36.0275,73.82,4,Medium
CUST102751,36.571276595744685,72.79,8,Medium
CUST102752,37.91290322580645,77.52,2,Medium
CUST102753,30.545128205128204,70.51,3,Low
CUST102754,29.163777777777774,71.07,5,Low
CUST102755,27.153488372093022,74.93,4,Low
CUST102756,32.61362068965517,75.28,4,Low
CUST102757,27.293023255813953,61.39,1,Low
CUST102758,31.321052631578947,62.02,1,Low
CUST102759,32.23128205128205,68.95,3,Low
CUST102760,31.425454545454546,76.31,3,Low
CUST102761,29.913023255813954,79.3,3,Low
CUST102762,27.55541666666667,67.29,4,Low
CUST102763,29.920526315789473,73.28,2,Low
CUST102764,32.9405,71.97,3,Low
CUST102765,33.291250000000005,75.05,3,Low
CUST102766,36.78290322580645,82.88,2,Medium
CUST102767,33.18032258064516,77.25,4,Low
CUST102768,29.373947368421053,77.84,3,Low
CUST102769,39.57382978723404,82.49,4,Medium
CUST102770,33.24177777777778,70.63,2,Low
CUST102771,32.89139534883721,80.46,3,Low
CUST102772,30.185000000000002,73.27,2,Low
CUST102773,27.908947368421053,69.34,2,Low
CUST102774,30.87666666666667,68.78,4,Low
CUST102775,30.125675675675677,77.17,2,Low
CUST102776,31.725882352941177,77.34,3,Low
CUST102777,27.048648648648648,72.47,2,Low
CUST102778,41.33309523809524,81.04,5,Medium
CUST102779,32.990526315789474,77.03,6,Low
CUST102780,28.84658536585366,70.72,4,Low
CUST102781,34.60057142857143,79.97,2,Low
CUST102782,31.458809523809524,66.1,4,Low
CUST102783,32.073170731707314,77.34,6,Low
CUST102784,30.81840909090909,81.51,2,Low
CUST102785,26.872558139534885,48.56,0,Low
CUST102786,30.66909090909091,68.54,4,Low
CUST102787,24.92362068965517,70.04,2,Low
CUST102788,31.33227272727273,84.08,3,Low
CUST102789,32.405853658536586,70.77,3,Low
CUST102790,28.62846153846154,67.32,2,Low
CUST102791,34.928285714285714,80.0,4,Low
CUST102792,31.324054054054056,71.04,1,Low
CUST102793,46.823191489361704,84.31,7,Medium
CUST102794,29.947906976744186,76.85,2,Low
CUST102795,29.235641025641026,72.04,3,Low
CUST102796,38.457692307692305,70.42,5,Medium
CUST102797,39.04513513513514,79.3,4,Medium
CUST102798,32.05780487804878,64.57,2,Low
CUST102799,23.912,64.97,1,Low
CUST102800,45.08625,81.67,4,Medium
CUST102801,29.527073170731704,66.96,2,Low
CUST102802,39.213,79.22,4,Medium
CUST102803,29.43205128205128,77.53,2,Low
CUST102804,30.612444444444442,76.44,3,Low
CUST102805,36.458363636363636,73.35,7,Medium
CUST102806,30.16761904761905,67.78,4,Low
CUST102807,29.51225,57.02,0,Low
CUST102808,26.684901960784316,70.91,5,Low
CUST102809,31.424545454545456,72.32,4,Low
CUST102810,29.9621875,77.93,4,Low
CUST102811,36.18675,70.1,4,Medium
CUST102812,27.27522727272727,72.57,1,Low
CUST102813,38.1046875,85.1,4,Medium
CUST102814,35.617714285714285,75.91,2,Medium
CUST102815,36.6875,70.91,5,Medium
CUST102816,35.122,70.59,1,Medium
CUST102817,34.68571428571429,71.1,3,Low
CUST102818,30.33257142857143,71.51,2,Low
CUST102819,30.899534883720932,81.5,4,Low
CUST102820,30.42078947368421,72.71,3,Low
CUST102821,35.27619047619047,75.24,5,Medium
CUST102822,33.75425,75.23,5,Low
CUST102823,42.7045,79.6,6,Medium
CUST102824,40.200638297872345,83.75,6,Medium
CUST102825,31.895454545454545,66.61,3,Low
CUST102826,47.43138888888889,79.02,8,Medium
CUST102827,29.74947368421053,66.32,3,Low
CUST102828,30.880975609756096,73.28,2,Low
CUST102829,30.468048780487806,73.48,3,Low
CUST102830,30.339375,70.2,2,Low
CUST102831,30.85238095238095,74.56,2,Low
CUST102832,33.04071428571429,70.94,4,Low
CUST102833,37.972,70.76,5,Medium
CUST102834,24.697555555555557,62.75,2,Low
CUST102835,32.245999999999995,72.87,3,Low
CUST102836,30.861333333333334,67.64,3,Low
CUST102837,29.078536585365853,68.13,4,Low
CUST102838,31.07113636363636,76.97,5,Low
CUST102839,27.95235294117647,73.1,1,Low
CUST102840,29.117441860465114,74.94,1,Low
CUST102841,26.418333333333333,58.27,0,Low
CUST102842,29.392222222222223,70.84,3,Low
CUST102843,29.083111111111112,71.09,3,Low
CUST102844,30.283125,74.12,3,Low
CUST102845,26.909756097560976,56.01,0,Low
CUST102846,35.567142857142855,78.45,1,Medium
CUST102847,34.58277777777778,74.46,5,Low
CUST102848,38.993863636363635,79.31,6,Medium
CUST102849,36.74314285714286,78.6,3,Medium
CUST102850,34.76225806451613,70.51,2,Low
CUST102851,28.65048780487805,75.01,4,Low
CUST102852,28.89461538461539,63.67,1,Low
CUST102853,26.820645161290326,64.37,1,Low
CUST102854,29.87309523809524,70.53,2,Low
CUST102855,30.789749999999998,81.71,3,Low
CUST102856,29.891290322580645,75.57,4,Low
CUST102857,27.541470588235292,72.48,3,Low
CUST102858,29.854736842105265,73.93,3,Low
CUST102859,30.976499999999998,80.54,2,Low
CUST102860,32.20948717948718,74.11,6,Low
CUST102861,33.40214285714286,78.44,3,Low
CUST102862,34.17886363636364,68.6,6,Low
CUST102863,26.891176470588235,66.18,2,Low
CUST102864,30.153783783783787,74.37,2,Low
CUST102865,33.70068965517241,78.65,3,Low
CUST102866,32.42311111111111,74.77,4,Low
CUST102867,30.0275,76.88,1,Low
CUST102868,37.7525,78.55,3,Medium
CUST102869,29.34659574468085,67.59,1,Low
CUST102870,27.889375,55.47,0,Low
CUST102871,28.408125,72.66,1,Low
CUST102872,31.38657142857143,82.2,2,Low
CUST102873,33.722307692307695,69.83,3,Low
CUST102874,30.49725,76.36,4,Low
CUST102875,33.66615384615385,71.07,4,Low
CUST102876,34.87677419354839,69.19,3,Low
CUST102877,26.009375000000002,68.28,3,Low
CUST102878,30.652558139534882,76.0,2,Low
CUST102879,29.242222222222225,62.39,2,Low
CUST102880,31.28911764705882,65.52,2,Low
CUST102881,34.82641509433962,70.76,7,Low
CUST102882,31.824871794871797,70.13,2,Low
CUST102883,28.80111111111111,81.53,2,Low
CUST102884,30.428372093023256,65.91,2,Low
CUST102885,34.47826086956522,69.09,1,Low
CUST102886,29.679787234042553,67.78,3,Low
CUST102887,31.47475,80.41,3,Low
CUST102888,36.10934782608695,74.16,5,Medium
CUST102889,33.1,72.64,4,Low
CUST102890,33.255714285714284,73.12,4,Low
CUST102891,49.606,84.67,9,Medium
CUST102892,31.11,73.24,3,Low
CUST102893,27.738000000000003,78.75,2,Low
CUST102894,37.86833333333333,76.16,3,Medium
CUST102895,30.827894736842108,72.99,4,Low
CUST102896,36.95196078431373,79.78,3,Medium
CUST102897,37.94282051282051,78.82,6,Medium
CUST102898,33.76075,74.82,6,Low
CUST102899,32.26611111111111,72.23,4,Low
CUST102900,35.01833333333334,74.47,2,Medium
CUST102901,30.302571428571426,81.4,2,Low
CUST102902,37.747647058823524,77.46,6,Medium
CUST102903,38.0062962962963,77.49,6,Medium
CUST102904,33.09075,69.07,2,Low
CUST102905,32.022499999999994,72.1,4,Low
CUST102906,46.569024390243904,80.16,4,Medium
CUST102907,34.014545454545456,76.59,2,Low
CUST102908,30.792820512820516,76.59,2,Low
CUST102909,29.206,78.08,2,Low
CUST102910,31.79421052631579,75.83,3,Low
CUST102911,28.315384615384612,77.21,2,Low
CUST102912,30.247755102040813,68.65,4,Low
CUST102913,26.51970588235294,72.85,1,Low
CUST102914,25.792432432432435,70.72,1,Low
CUST102915,30.280714285714286,75.94,5,Low
CUST102916,28.2894,76.38,4,Low
CUST102917,34.27,75.95,5,Low
CUST102918,27.14952380952381,63.88,1,Low
CUST102919,30.54222222222222,77.34,4,Low
CUST102920,42.594166666666666,86.5,2,Medium
CUST102921,33.40064516129033,80.08,1,Low
CUST102922,31.928260869565218,74.9,4,Low
CUST102923,28.22184210526316,71.32,2,Low
CUST102924,32.66925,72.55,2,Low
CUST102925,26.77212765957447,65.98,2,Low
CUST102926,30.2002380952381,69.37,4,Low
CUST102927,30.013666666666666,70.99,1,Low
CUST102928,24.003333333333334,75.98,1,Low
CUST102929,35.94241379310345,75.22,1,Medium
CUST102930,31.86969696969697,70.63,2,Low
CUST102931,31.7725,76.86,4,Low
CUST102932,34.71066666666666,90.87,2,Low
CUST102933,33.55063829787234,72.15,6,Low
CUST102934,27.113541666666666,70.04,2,Low
CUST102935,30.520444444444447,73.35,1,Low
CUST102936,29.542093023255813,66.48,4,Low
CUST102937,28.60392156862745,64.66,1,Low
CUST102938,30.983157894736845,65.61,3,Low
CUST102939,32.13323529411765,60.43,1,Low
CUST102940,43.319428571428574,76.19,5,Medium
CUST102941,36.22821428571429,80.73,1,Medium
CUST102942,28.1131914893617,76.72,3,Low
CUST102943,32.60292682926829,78.28,3,Low
CUST102944,30.67886363636364,62.42,1,Low
CUST102945,26.3675,69.91,1,Low
CUST102946,26.917894736842104,72.69,3,Low
CUST102947,28.615121951219514,66.75,3,Low
CUST102948,41.15692307692307,79.16,3,Medium
CUST102949,29.58186046511628,69.43,1,Low
CUST102950,32.33128205128205,75.88,3,Low
CUST102951,27.75962962962963,75.17,3,Low
CUST102952,26.99970588235294,71.9,2,Low
CUST102953,27.894864864864868,73.59,3,Low
CUST102954,27.477234042553192,72.1,4,Low
CUST102955,29.983947368421056,74.1,3,Low
CUST102956,34.19975,72.1,6,Low
CUST102957,29.16153846153846,64.81,2,Low
CUST102958,28.15081081081081,77.39,4,Low
CUST102959,30.936956521739127,73.45,6,Low
CUST102960,27.28275,66.6,5,Low
CUST102961,38.87862745098039,78.41,4,Medium
CUST102962,29.80479166666667,82.61,4,Low
CUST102963,25.735500000000002,57.69,0,Low
CUST102964,26.618367346938776,71.42,3,Low
CUST102965,31.474999999999998,79.85,2,Low
CUST102966,29.6835,67.79,3,Low
CUST102967,31.126944444444444,74.56,2,Low
CUST102968,31.96707317073171,84.16,3,Low
CUST102969,33.01081632653061,72.17,7,Low
CUST102970,29.228048780487804,77.51,2,Low
CUST102971,28.78575,72.22,4,Low
CUST102972,32.75820512820513,78.21,2,Low
CUST102973,32.39791666666667,70.68,4,Low
CUST102974,35.753170731707314,76.21,6,Medium
CUST102975,32.519285714285715,66.98,3,Low
CUST102976,29.540399999999998,72.31,3,Low
CUST102977,29.597941176470588,67.87,4,Low
CUST102978,31.826216216216213,76.98,4,Low
CUST102979,29.801904761904762,65.21,3,Low
CUST102980,27.111063829787234,60.75,1,Low
CUST102981,28.783658536585364,73.05,2,Low
CUST102982,31.718235294117648,71.28,2,Low
CUST102983,30.169677419354837,76.45,3,Low
CUST102984,30.61217391304348,72.43,3,Low
CUST102985,29.794285714285714,70.35,2,Low
CUST102986,33.25,76.27,2,Low
CUST102987,27.149183673469388,78.42,3,Low
CUST102988,24.177179487179487,62.45,2,Low
CUST102989,29.876875,70.12,3,Low
CUST102990,34.17194444444445,78.39,4,Low
CUST102991,35.40244444444445,79.3,6,Medium
CUST102992,31.069166666666664,80.02,3,Low
CUST102993,35.906486486486486,81.83,4,Medium
CUST102994,31.66342105263158,82.28,3,Low
CUST102995,28.413260869565217,77.44,3,Low
CUST102996,32.870555555555555,74.73,3,Low
CUST102997,27.495675675675677,71.78,1,Low
CUST102998,46.09774193548387,82.97,5,Medium
CUST102999,32.78674418604651,74.43,3,Low
